meganbryant@johns.net;D^66WrjRVg;Eric;reader
lawrence57@miles.com;u+NLI6Wt*0;Kelly;librarian
klewis@bentley-hopkins.info;7uBtnTUz_Z;Samuel;librarian
justingonzales@smith.info;&rsTjm^E0x;Ronnie;admin
mooretyler@hotmail.com;*x82OwUu(G;Brian;admin
epollard@fox.com;mjasWrP&)2;Marcus;admin
pittmanrobin@hotmail.com;)4WeBzvv54;Samantha;admin
brodriguez@yahoo.com;_G7Phzs@gN;Angela;admin
belljennifer@goodwin-melendez.com;xMUO*8ZgHw;Brad;librarian
gary22@gmail.com;x#Q5ORaONJ;Gary;admin
swansonkari@gmail.com;!_oNZ2klG4;Joseph;reader
donaldchen@ross-blake.com;7UDw_rwo*M;Rebecca;reader
whitehannah@yahoo.com;(N%P5iNm&2;Tyler;librarian
allen16@smith-martinez.biz;u(u1IXUdBi;Tara;admin
wigginsmargaret@stewart-alexander.com;%0EZUd3W0u;Amy;admin
esuarez@hunter-keller.net;J50Noyu!s_;Theodore;admin
cynthia66@farrell.info;)!Qjx5nc0*;Katelyn;reader
chelsea35@hotmail.com;X6UoQvr%#b;Sarah;admin
dphillips@mcgee.biz;B+Sj6Ge&$5;William;librarian
kathleen15@hotmail.com;UP+2oNcgv$;Adrian;librarian
bfletcher@gmail.com;J9_3_UJvqr;Sara;admin
jeffery25@hotmail.com;y!X4SWQSgu;Tonya;librarian
twalls@gmail.com;$oVcz!@T62;Michele;admin
justinramirez@cummings.com;R)CoH1Rw&N;Stephen;librarian
thomascopeland@stewart.net;kEL_Wza3^1;Adrienne;reader
matthewsanders@hall.com;riq35+JwU%;Peter;reader
tleach@yahoo.com;n0QM_%Jw)Q;Alyssa;admin
jameslane@yahoo.com;)@i6Gwu!b%;Jonathan;admin
estradajenna@hotmail.com;#ee3BDnkFU;Lisa;librarian
abird@brown-robertson.biz;x%U9rN^cTu;Tyler;librarian
smithrebecca@larson.com;%eI*6U2cFh;Daniel;admin
watersjennifer@hotmail.com;!0dLpvkbO4;Christopher;admin
steven46@dunn.info;f+8C4nva+j;Jessica;reader
careynicole@hotmail.com;_)cdfHqa1v;Nathaniel;admin
craig20@hotmail.com;+3S87kf10#;Ronald;reader
michellepoole@yahoo.com;16nAvO7L*%;Tracey;admin
mmcdonald@gmail.com;G(2sPJ8z(n;Monica;admin
tyler79@evans-brown.com;01OLqnf0%*;Alexander;admin
cindycline@yahoo.com;yb@!6BhzSx;Aaron;admin
zcarter@gilbert.net;F_2KELzc2@;Franklin;reader
amandawest@yahoo.com;H%Si1Jyupk;Laura;reader
romerojohn@yahoo.com;(2DFt&F_v%;Amy;reader
david90@gmail.com;*Yr53EQiQI;Melissa;librarian
robertkim@beck.com;x3RLoRFl_*;Stephanie;librarian
zjohnson@gmail.com;k8V4YoWlg(;Kimberly;admin
annasoto@hotmail.com;(4__7By8uG;Maria;admin
ftaylor@burgess.com;^1Yi8mQpMi;Nancy;librarian
bhudson@conway.net;+2bw+Gmj2E;Tamara;admin
william38@aguilar.info;*z4XqAprf0;Taylor;librarian
littlejoshua@hotmail.com;_jCNFSJc)8;Jill;reader
ngibson@gmail.com;*7cC^UDo4e;Thomas;librarian
qhernandez@hamilton.com;*LEht3HkJ7;Alexandra;admin
keith32@smith.com;m@%2FVkUzx;Miranda;reader
jrogers@edwards.com;v6iAmNsT$8;Jason;admin
heatherherring@vasquez-santos.biz;#)H5LzQe0t;Michael;librarian
kjohnson@hotmail.com;_ODVWjIk6w;Heather;admin
laura53@hotmail.com;$5@yBMFzzf;Melissa;admin
lvillanueva@gmail.com;57r2X%3h+I;Brian;reader
johnkirk@hotmail.com;0Ze(Eau7(c;Thomas;reader
martindaniel@key.org;_3GoduC!uA;Donald;admin
valerienguyen@williams.com;2333I&iV#O;Curtis;admin
michaelbarrett@ruiz-martin.net;+FU8salr*7;John;admin
marc24@smith.net;uqtRGfWV$0;Christopher;reader
olsonjay@yahoo.com;p84wGVBe+p;Christine;reader
deanna46@harris.com;6SKf$r64^A;John;reader
gordonmark@kidd.info;(6MRG#dj06;Douglas;reader
kathleen18@montgomery-walters.com;)&17TXk$%A;Robert;reader
danielle69@duran.com;F4OalL(P_w;Anthony;librarian
kathy61@herman-johnson.com;*^5S@IqFg);John;reader
rgarcia@wagner-mack.info;nsFzDf7l)5;Christian;reader
victoria48@moon.com;$3q6Hiet%(;Julie;admin
victoria47@dixon.info;8s$%iOKm+g;Rita;admin
henry55@gmail.com;3AU+0pYq_t;Carolyn;reader
soniawalters@hotmail.com;36NieL@5^9;Jamie;librarian
amanda21@smith.com;@p6B#kOvDL;Mallory;admin
justinsanchez@sanchez.com;6*Cz87ApKX;Andrew;librarian
vgarrett@gmail.com;b(r3+NsAkg;James;librarian
whitakertiffany@flores.org;Y&TI0kfw6W;Luis;reader
kingronald@hotmail.com;W0Zq@Sb1_Z;Todd;reader
parkanthony@hotmail.com;D0FiUSkK_W;Chad;admin
cheryl93@yahoo.com;^dCJLBYzO6;Marisa;reader
zhudson@french.info;^4NBDulcgQ;Shirley;admin
jennifer64@gmail.com;&%UXy2)w98;Kimberly;reader
yjohnson@yahoo.com;(0Op3#3U*@;Kevin;admin
larsonvirginia@schneider.com;Y(LuOcuG*0;Kathy;reader
rodriguezamy@zavala.com;ne%$x6EubS;Robin;reader
cookemichael@hotmail.com;Q^WP4YpvA);Daniel;admin
bellmatthew@wade.com;*rB(Y7Un40;Travis;librarian
teresaclark@gmail.com;B_2SUXh@tK;Michelle;librarian
robertjohnston@pearson.com;@87NMu1n($;Jennifer;admin
jonesrebecca@gmail.com;DM6^4ELvOI;Raymond;reader
zlandry@yahoo.com;4!4IFQuhHO;Amanda;admin
dalehall@roach.info;7XG_VPFl@q;Gerald;reader
cooperamanda@evans.info;&^sEDSny5Y;Adam;librarian
ryanjones@yahoo.com;_h9EgSvz)_;Brandon;librarian
millsshaun@gmail.com;*W4kDo7FoA;Manuel;reader
barnesjennifer@hotmail.com;nZy0XkIq%t;Melissa;admin
bonniediaz@perkins.org;V8X9#Js6@0;Dawn;admin
robert18@gmail.com;r05$83Td%@;Malik;librarian
robertvasquez@kim-dougherty.com;(11C^Sb^@g;Hayley;librarian
susansandoval@hotmail.com;JM2AfHNQv!;Ronald;reader
acooke@yahoo.com;^Q3Cj)t79i;Zachary;librarian
schmidtsamuel@pratt.com;$J7AhmnQFz;Douglas;reader
henryjenkins@hotmail.com;V1dTg2u#$^;Kimberly;librarian
rachael64@jennings.com;Wd9MPpHZ(4;Alexander;librarian
jamespatrick@hamilton.biz;Vy+!0UuG&!;Frank;admin
mmartinez@sims-pugh.org;&ag1S^Wej6;Susan;librarian
charles65@yahoo.com;#3ifPq+Df1;Scott;admin
susancastillo@pineda-spears.com;Xp1t!cVFr$;Jeffrey;admin
sarahgonzalez@gmail.com;^zVJr4Lj+_;Gabrielle;librarian
amber41@jordan.com;@8Y^MiZbq#;James;librarian
aprilmurphy@moody-juarez.com;#1VERvQrL0;Madison;librarian
whitekristin@yahoo.com;*5lCUfA1yG;Amy;reader
garciaandrea@gmail.com;19Xobptt_(;Rebecca;admin
hernandezrobert@graham.com;uaMBWq#V(2;Brian;librarian
carriewells@hotmail.com;vVc&Y1QpA^;Leslie;reader
michaelweber@gmail.com;@b$UOXxe26;Tiffany;reader
justin51@gmail.com;1K7bIglq$i;Amber;admin
christopherramos@daniels.com;*4E@hf41ZB;Ryan;reader
scott30@gmail.com;G(5uaTfdJx;Marcia;admin
carrolltrevor@garner.com;g*#0EB%fWs;Janice;reader
smithchristopher@hotmail.com;nj0Oyei!^9;Victoria;librarian
hnunez@hotmail.com;I1UlKow7*S;Cynthia;admin
judyyoung@hart.com;uR_1CoUi5#;Kyle;librarian
allenkelly@mueller.com;5_J4SEoq$I;Colton;admin
morrisonalan@yahoo.com;En4LZsMp^$;Amber;librarian
istewart@gmail.com;M#d0Hxdav*;Mikayla;reader
michael22@pratt-white.com;AC_7H&wyOk;Laura;librarian
shanehunt@fletcher.org;sIKQnRdx%2;Melissa;librarian
gnavarro@smith.net;0+Nw(8%d#O;Maria;librarian
sfisher@brewer.com;ky^A31Rrp);Nancy;admin
ashleywilson@hotmail.com;+7$VXtzUj9;Kurt;admin
lauren59@gmail.com;_dERSAlgD2;Steven;librarian
khogan@hotmail.com;$0)WWIud_6;Regina;librarian
jennifer38@owen.info;R6D3BYKx*m;Karen;admin
oknight@gmail.com;F%8CPze*pd;William;admin
kingsusan@king-kidd.com;FIIqAzFy_8;Karen;reader
millermary@cochran-franklin.com;t#1WBUahd^;Mary;reader
cunninghamthomas@cox-jackson.com;%4KS7xLG1s;Pamela;admin
porteramanda@sims-norris.com;_a$b9BgB6q;Kelly;reader
laura77@gmail.com;v!tTY5nm*8;Michael;reader
thomas41@gmail.com;^7TVYzVhnF;Gary;reader
walkerdouglas@soto.com;&1SMzc$JP!;Theresa;librarian
dawnwilliams@cross-brown.net;F$!2ALXavA;Teresa;reader
chadtran@yahoo.com;o4zKyj$7@e;Benjamin;admin
travisfox@yahoo.com;!P2D*JBq&$;Gregory;admin
tnguyen@yahoo.com;+8Gd)c+uF5;Tyler;reader
goldenstephanie@brown.com;Exr2$vK3^%;Jonathan;admin
vargasdawn@brown.com;7(7De9oD@J;Amanda;librarian
logantamara@yahoo.com;UbL7K_Rs$5;Steven;admin
tanyamiller@hotmail.com;&*dt3Ef&4);Henry;admin
ayoung@meza.com;$EMN7%_w7r;Tony;admin
wellis@yahoo.com;(D03Nsnx&i;Daniel;reader
allisonwilkinson@thompson-mcgee.com;k3Kpiiv$+u;Joe;librarian
areed@gmail.com;E!f2NZqd#d;Kayla;librarian
jeremy39@hotmail.com;c3oR6cHh+@;Cheryl;librarian
wperez@yahoo.com;1BATdcie@w;Ryan;librarian
olsonjames@harris.com;&ewm2AqoX+;Angela;admin
tyoung@hotmail.com;wa!2A*OfVj;Lindsay;librarian
dharrison@ortega.org;!2yDRh4c*i;Matthew;librarian
bgonzales@elliott.com;4T&222OxTO;James;reader
troy06@gmail.com;+8^SiV3e0(;Monique;librarian
anthonymartin@perry.com;!x$Zbq3hN9;Charles;librarian
lwood@gmail.com;tC9B@Wwb&2;Abigail;admin
craneangela@hotmail.com;^k)SCFcoG5;Rebecca;librarian
kwilson@gmail.com;y5mA91CrT$;Timothy;librarian
nicolesmith@hotmail.com;i8k$TZ9S(u;Jennifer;librarian
cathymoreno@foster.org;$wWqtvf)98;Yolanda;librarian
treese@simon.com;#d+Q4(kc2a;Spencer;admin
oliviabautista@hotmail.com;_6%ZV^ef(+;Linda;reader
jbrowning@hansen.org;q)7aOy%aWW;Michael;librarian
pli@gmail.com;U3LxHzfu!7;Kenneth;librarian
andrew31@gmail.com;8%kT0gZYch;Susan;reader
thomas55@hotmail.com;mC5MYrWhj(;Stephanie;reader
ginamccormick@brown-smith.net;SPN1QwxcK*;Matthew;librarian
marissa40@parsons-harris.com;x7#ITW+L&l;Margaret;admin
alvaradokarl@fry.biz;i(7HN))rJn;Tammy;reader
zwalker@watts.net;+7k2EAxre_;Cheryl;librarian
fletchersamuel@hotmail.com;&8Wjzf7J_t;Matthew;admin
scottkathryn@hotmail.com;$21ZiIWyZu;Aaron;admin
hbyrd@gmail.com;m854E!c)+y;Amanda;reader
xtaylor@dudley.org;*CEifg4a7X;Terry;librarian
uconner@yahoo.com;Ca%5E+pjw_;Lisa;admin
laurenbarrett@yahoo.com;UXm1J#Gpm%;Karla;reader
kellerbrooke@hotmail.com;u8XoFivq$N;Kathryn;admin
jenny25@paul.com;15BxwmVP)0;Michelle;reader
wyattnathan@smith.net;@68HhyCYvQ;Caitlyn;reader
bellpatricia@good-garrison.info;7p7hP*hf+K;Robert;reader
elizabethflores@melton.org;e168O)sE*O;Haley;librarian
lindsay73@chavez.com;*(3&gDTgE&;Whitney;librarian
myerschristine@hotmail.com;0k3#2ULk!c;Joyce;reader
qpugh@yahoo.com;+j9$BTzi&q;Steven;reader
patty92@holloway.com;+9Xw+r$wB6;Charles;librarian
joanna57@gmail.com;4j1B!M9o)t;Dawn;admin
graybrandon@hotmail.com;^BIuej855n;Amy;admin
samanthanewton@hotmail.com;+4UDb3J5@S;Patricia;reader
williamsjennifer@green-martin.biz;*vC_ieve3T;Mark;reader
michellemathis@hotmail.com;*81tIbhk0T;Lauren;librarian
taylorscott@bell.org;@7jsWw(mjK;David;admin
mario26@hotmail.com;7@9DgT)uBR;Carl;librarian
sarahjones@hotmail.com;+hG%zX0Y88;Richard;admin
brandi62@hotmail.com;_24A0uqz$U;Tina;admin
katrina82@griffin-soto.com;ho^n3Qzpg$;Andrew;reader
muellermindy@hotmail.com;*3t!SYViwb;Dawn;reader
john28@gmail.com;*vtE!tu9B2;Stephanie;librarian
simsjennifer@yahoo.com;@uSiwbkSD2;Adam;librarian
jenniferkey@hutchinson.net;!4E&wboX@6;Mark;admin
coxthomas@gmail.com;PnLD&9GwSV;Lauren;admin
randall26@mcmahon-sutton.com;i7^3lWjSmt;Zachary;admin
davisleslie@owens.biz;3gHk@8r9&A;Joshua;librarian
janet90@yahoo.com;JG7rHGjmX#;Alison;librarian
cheryl86@yahoo.com;+O$*61Eapo;Traci;librarian
victor09@contreras.com;8dGNpNtb%t;Jennifer;librarian
hughesbrian@neal-holt.biz;1XpH(Sw#_4;Mary;reader
webbseth@cameron-martin.com;!&3dCZb#8V;Nancy;admin
blanchardjoshua@choi.com;&#Y^Unr@86;Stacey;librarian
maryrich@cruz.com;^n&Ba5NnU2;Paul;reader
jjones@mcpherson-molina.biz;!p^UnxIK6z;Christine;librarian
anita63@vaughn-jones.com;e5k7!kWm(d;Jason;reader
cynthiavargas@martin.com;!4bkC7UgbR;James;reader
laurie34@gmail.com;WeG1&acm#9;Katherine;reader
jessica89@gmail.com;2)7sfwJv$);Brian;librarian
michaelramirez@yahoo.com;#3G1(71wKj;Jason;librarian
ericroberts@yahoo.com;ao458Jr5N@;Tyler;admin
kmiller@small.com;^kHF@b+no0;Brandon;admin
saracook@hudson.com;@(Qw^TMQ0+;Bradley;reader
joannhill@herrera.com;#94dMqid7w;Daniel;librarian
courtney50@pope.com;llZ&1%OxO_;Robert;librarian
hopkinscharlotte@doyle.com;^*6CwVyJ)f;Heather;librarian
lisa32@yahoo.com;b6ZsG7ER!O;Christopher;admin
andrea06@odonnell-howard.com;V9TUkgKg@@;Christopher;reader
ronaldbaker@yahoo.com;K$4ySYkp+K;Sierra;reader
cassandra45@thornton.com;u2Re!VS@^%;Paula;librarian
kristenroy@bennett.com;db9CBM7Oo%;Joseph;admin
hollytucker@hudson.org;3(Zvf87o*7;Rachael;librarian
reginaldmassey@yahoo.com;#g4CqHN0n%;Kayla;reader
juliewilson@jordan.biz;*9XsqW$g*6;Jonathan;librarian
donaldsanders@hotmail.com;S3J@1C5+@p;Karen;admin
daviesemily@ramos.info;nN9n1Zbtl#;Kristen;reader
regina55@gmail.com;(fQhy!lCd6;Erica;librarian
pmiller@yahoo.com;%cXsOtE$8m;Katherine;reader
shelbymcdaniel@bean.org;Q96khX1l@5;Victoria;librarian
williamsbradley@yahoo.com;#@kG9EInK6;Eric;admin
kmclean@hotmail.com;XfN@khlP!8;Brandon;admin
duncandonna@yahoo.com;I64Jfvia(U;Timothy;librarian
ogardner@simmons.com;bsLdU4ZOz_;Christopher;reader
taylorcrystal@gmail.com;+eAqbVA2N7;Joseph;reader
melissa20@evans.org;0pcBGDq^^I;Bryan;reader
kimberlyjohnson@davidson-davis.com;i@Vt1BTz&S;Stephanie;admin
chenchristopher@hotmail.com;St8uTp8w&!;Kimberly;admin
sarah25@murphy.com;@31lyDAxI2;Sarah;admin
bstewart@yahoo.com;_6RAaBn94$;Dennis;admin
marycastillo@hotmail.com;)*1D*cmjh(;Cheryl;reader
jgarcia@gmail.com;E%j4CNx(@k;Anna;admin
tatejose@yahoo.com;FviUJSzP^1;Lauren;librarian
oneilljacob@jackson-walker.org;h_ii2hFztN;Briana;librarian
gibsonderek@hotmail.com;iNLAHRXr&9;Brian;reader
blakemontgomery@allen.com;+YS&vW0Yz1;Danielle;reader
robinsonlisa@gmail.com;*!Ow9w^a)4;Brian;admin
catherine71@yahoo.com;^18z+NlK&q;Richard;admin
kenneth41@wagner.info;79rsJ16s(a;Stephen;reader
danielle23@yahoo.com;%EK^2V(a6z;Stephen;librarian
ericadominguez@yahoo.com;+fH#vV33k1;Kathleen;admin
jay20@fletcher-pugh.com;)5Pxyayvxw;Elizabeth;librarian
wstanton@yahoo.com;!F76lM3fy6;James;reader
fharper@underwood.net;)#yIa+Pac0;Leslie;admin
millerpeggy@morgan-costa.com;O+&2*RVfS!;James;librarian
johncook@yahoo.com;_1ZXDo!Swr;Cameron;librarian
leah70@davis.com;_I0vHIcs1V;Heather;admin
lori67@powers.com;O3bBxi9v+(;Mary;librarian
cthompson@yahoo.com;&2@FXh0%^D;Beverly;librarian
kgarcia@gmail.com;Q4JIiM_v!0;Robert;reader
joshua90@gmail.com;+i%!6LvM((;Noah;librarian
carmstrong@hester.com;5*#A9WbmA*;Selena;admin
kimberlymiller@alexander.net;4&P2@th4__;Sarah;reader
rparrish@allen.net;Gz2FVpu2r%;Amy;reader
samuel89@berger.net;D1c%DzEc$g;Sara;admin
bradshawpatrick@gmail.com;aKN&D1*b#4;Christopher;librarian
salinaskatie@yahoo.com;!8*VQBRpHM;Elizabeth;librarian
zchurch@yahoo.com;!(r8Cz+7e*;Laurie;reader
paullopez@thompson.com;^yLMaaNyg8;Alexis;librarian
joseph11@yahoo.com;Mv70(CT+I^;Brenda;librarian
matthew68@singh.org;$h_EctQc#7;Julie;librarian
vglenn@king.com;%RNWTTrS5C;Tyler;reader
swatson@preston-lopez.net;fhmR$9CnLk;Margaret;librarian
sarah50@yahoo.com;*)rYQjk@61;Francisco;admin
nchoi@hogan.com;#8GQ)6DuO4;Amber;librarian
lewismaria@yahoo.com;z$+6E6Ir+&;Anthony;librarian
thomaskelly@gmail.com;)iqUS^OoI0;Stacy;librarian
pearsonmonique@johnson.com;!$5yoS#gl+;Amanda;librarian
kelly05@wong.com;*8dxpAegmM;Mark;admin
connor93@carrillo-trujillo.com;&16YU)owvQ;Cathy;admin
ethan88@anderson-prince.com;J)q3g3EJbf;Paul;admin
mestrada@gmail.com;I0P^JFeV)4;Pamela;librarian
mcortez@johnston-nguyen.com;mJ(2Yfa+bO;Micheal;librarian
qwang@garza.info;DbXkHafI&3;Claudia;admin
mcdonaldtrevor@yahoo.com;83Bcigt)%Y;Veronica;admin
careytrevor@jennings.com;dI5fJKko@(;Madison;librarian
ryan57@gmail.com;*7WSFoQ3Zi;Kara;librarian
collinsgrant@young.info;Q1(CeMIv#6;Cassidy;librarian
thompsonkristen@hotmail.com;%7w8Ht)jv!;Jacob;reader
coopercarol@jones.com;&NRHMmA*p7;Joseph;librarian
edward72@hotmail.com;*iTQc5PB%4;Tiffany;librarian
khenderson@yahoo.com;B&bo58p+&W;Elizabeth;librarian
blackburnamber@miller-mahoney.net;oME#*2Xn%q;Jeffrey;reader
andrewsedward@gmail.com;+c31)^Ih%8;Andrew;librarian
michael09@yahoo.com;!9OW(bX7r8;Jessica;admin
jessica49@benitez.com;*MiH8SqRoW;Sandra;librarian
kellywood@yahoo.com;2*@*5vJl+N;Lisa;reader
nwood@gmail.com;yWJMh*Hv)4;Chris;admin
xyoung@lang.biz;@ArDX4Jni^;Alan;admin
melissathomas@hopkins.org;wv7SWVDhK@;Dale;admin
wrightkayla@gmail.com;*f$H8Lwa&^;Johnathan;librarian
holmescameron@gmail.com;mr8XgZdj(m;Katelyn;admin
donald68@wheeler-chapman.com;&46XVOdoW+;Carolyn;admin
stanleyjohnson@gmail.com;c+2A4!RoiN;Melissa;librarian
andrew68@yahoo.com;rrmR9KhkO&;Ryan;reader
tsmith@ray.info;ca0FmKnv(+;Chad;admin
shane71@gmail.com;^17(5RXkL^;Gary;librarian
cherrera@lyons.com;%@wd8DLk8z;Ryan;admin
jamesbridges@yahoo.com;*ZRA&ZrL#3;Bradley;librarian
brentfrancis@hotmail.com;1L8E82ji#1;Fernando;librarian
perrycesar@nelson.com;%jc7N@Yq4P;Taylor;admin
timothyclayton@hotmail.com;8@XOE6la(3;Andrea;admin
alvarezvalerie@frazier.net;&y3k39P6W$;Adam;admin
hilldorothy@walter.net;O_10NPwSCq;Jennifer;reader
matthew31@hotmail.com;2G#iENan*7;Michael;librarian
fhamilton@robinson.net;)1XZwi!K)(;Kristina;librarian
santiagosusan@gmail.com;^)JHB&anb3;Tiffany;reader
jennifervargas@smith.com;(D2j3vNrrI;Ricardo;reader
mharris@gmail.com;_0%Rs^Hn+5;Abigail;reader
maria80@harris.org;Xcp4DFaW!8;Nicole;reader
rebecca64@garcia.com;!Smz7Pje_m;Jenna;admin
jenkinsamanda@gmail.com;!p0dTarLj(;Tanner;admin
alexisking@gmail.com;uvY&$hNS%9;Willie;librarian
amandawalters@gmail.com;zrK&iIK4(5;Robert;reader
david74@rivera-gardner.info;)(57Ic#4iu;Alyssa;reader
caseypope@smith.com;3D_o18QuC$;Brian;admin
gutierrezrobert@gonzalez-hernandez.org;2Q2Zmyb__1;Larry;admin
williamsdanielle@anderson.com;vwG_37Pm6N;Max;admin
richardcabrera@gmail.com;9&07LB9oCw;David;admin
robert67@rasmussen.com;*wyHmoOsn7;Blake;reader
anthonydurham@harris-smith.org;#3E6OC#gg&;Megan;admin
robbinsmolly@gmail.com;_%yu9RJwci;Christopher;reader
nguyenjoshua@gmail.com;*wgZB5jxm8;William;admin
ronniewest@gmail.com;@1OHEu+ubp;Alyssa;librarian
ymccarty@williams-ramsey.com;0jB2tBMe%7;Misty;reader
zjackson@yahoo.com;7P4(E2Jwmo;Robert;reader
martincaleb@gmail.com;G*9Dn2Rp9p;Alyssa;reader
vmeyer@short.com;@eYp5&XgU0;Margaret;librarian
usmith@wilson.com;EeRI#54w)8;Danielle;reader
angie61@hotmail.com;peL6M@6_)4;Brad;admin
hsanchez@hotmail.com;%!JR_iUC&6;Paul;librarian
onunez@anderson-santos.org;hH#7!QoGb@;Elizabeth;reader
stevencollins@king.com;$8joTAdyw7;Felicia;librarian
mwu@maxwell-meyer.net;Lxg#8EjxP%;Sharon;reader
charlesvincent@hotmail.com;hN91#X^bb+;Stephen;librarian
phillip13@hotmail.com;&v7OQDkd8K;Taylor;admin
donald12@gmail.com;hIf1akEy#4;Rachel;reader
tanyawhite@jackson-perry.com;p1HZ+dK2_x;Sara;reader
thompsonjeffrey@johnson-alexander.biz;@@U8By5V5O;Helen;admin
thompsonchristy@hotmail.com;#@8X%lgZnS;Alyssa;admin
moralesaudrey@hotmail.com;2)e4)TdAPm;Kirk;reader
cody81@jacobs.com;5IV#Ly)y#j;Annette;admin
angie13@adkins.info;TKxkg4Wi*V;Timothy;librarian
alexander21@gmail.com;&9NtCwVbdV;Samuel;reader
youngwayne@guzman.com;v5FeEfTJ@#;Kathryn;librarian
barkerjames@smith-hill.com;+05fU_Rvgj;Tara;librarian
usanford@hotmail.com;C+684RwwHx;Amber;librarian
jessegreen@gmail.com;!4tNJf1b$1;John;admin
stacyscott@smith.com;%a1cEyb39m;Audrey;librarian
tracy68@sellers-anderson.net;_AHWKQ7Tz7;Eric;reader
kbradley@hotmail.com;n*9X1V3fe1;Haley;librarian
tiffany01@gmail.com;_7mk*GoBnd;Darren;librarian
eric96@hotmail.com;lLfSj4ktI);Madison;admin
donpeterson@gmail.com;8*h1h7QcCK;Alexander;reader
vaughanwendy@hotmail.com;gx)v0Y^yYX;Marcus;librarian
michael38@scott.net;Yv!1LEmb#z;Mercedes;librarian
maryreese@payne.com;F3X_DxLp$b;Ryan;admin
danieljennings@lewis-hall.com;$6&F5jesnF;Jerry;admin
garrettjohnson@jackson-rios.org;h(3RtIxnRz;Thomas;admin
teresa59@collins.com;#nW_0l7NH6;Evelyn;reader
colerobles@yahoo.com;#02AYVx7%!;Eric;admin
christianmyers@martin.com;%+5@HW%u%N;Aaron;reader
marcus98@gmail.com;5B82GRQz&5;Tammie;librarian
tmartinez@yahoo.com;@_@dlW2z4A;Brittany;admin
hoodkevin@campbell.com;*HtLPuoTr8;Michael;reader
brownchristopher@holland.net;+7S@^dtkDU;Lacey;admin
davidreynolds@wright.info;Yxf5)8Om$5;Patricia;reader
michael26@hotmail.com;8Yd7cVni$P;Summer;reader
mary61@yahoo.com;*)pD(Zk8H8;Jeffrey;admin
hdunn@yahoo.com;f1_TgR)s&S;Susan;librarian
zunigamark@page.net;c%k7W6OmC_;Brian;librarian
brett47@hotmail.com;%9Hz$qUocN;Kendra;librarian
darrellmontgomery@yahoo.com;_3GB$yp9)8;Charles;reader
christy06@garcia.com;_H98cJLh45;John;librarian
csharp@conner.com;@7WgW2P@)u;Jeffrey;admin
davidcross@ortega-oneal.org;B5sQM5Hx*f;John;admin
smithlisa@hotmail.com;(^9WWUP^3k;Amy;reader
jamesstevens@hotmail.com;Y(4C!nvpr8;Erin;librarian
benjaminrodriguez@gmail.com;6sqA&Jeq%j;Thomas;admin
qtaylor@hotmail.com;1lK7LhlVE);Christopher;librarian
wattsjoshua@gmail.com;0Q!m2C3mvV;Thomas;librarian
pedro57@hotmail.com;7+1NtBprRR;Tiffany;reader
ubooth@hill.com;W2uNf)Li+K;Matthew;admin
crystal87@bond.com;%Q1VHxfhB6;Victor;reader
sean23@hotmail.com;b00bpHZh+6;John;librarian
scott41@gmail.com;5(2OMnyu_r;Kayla;reader
catherinecrawford@robertson.net;Q&Ig42HvuD;Tammy;reader
jonathananthony@ellis-santiago.org;)^4iPssrs3;Suzanne;reader
stephanie64@hotmail.com;Z$0N&Eg)Z_;Christopher;reader
bthomas@hickman.info;vXs6BP*uh(;Paula;admin
kiddchristopher@hotmail.com;3qfUcd+1(5;Erin;librarian
tinaarnold@gmail.com;U62KIvn&%5;Martha;admin
jedwards@yahoo.com;*(f1C%@d*^;Chad;admin
martinezantonio@brown-johnson.com;+1XPq2YN%H;Kristy;librarian
friedmanmolly@gmail.com;$&2E8G)re(;Angela;reader
nancy82@hotmail.com;p66Bej*f*L;Erika;admin
wilsonbrandon@yahoo.com;7S9CkQfu_Q;Taylor;librarian
jacob05@hotmail.com;+emC)@Ic3f;Olivia;reader
pliu@gilmore.com;_Ys(ReM+59;Brooke;admin
karen63@mann.info;+oCNXgqi7_;Lauren;reader
daviswilliam@gmail.com;V@Q7#REocD;Eric;librarian
welchmary@martin.com;_6XbtEnJ7K;Betty;reader
jerrywagner@bell.com;&TWdBrRS#6;Robert;admin
fbruce@fernandez.com;)D6FxKAaSx;Mary;reader
dthompson@allen.com;64HzS%YX&0;Richard;reader
dana22@yahoo.com;%^VHY$i9f0;Rhonda;reader
trevinoaaron@lee.biz;+on84Ob3BN;Christopher;admin
eugene05@nichols.com;(4S3wtls50;Adam;admin
rebeccabarrera@burgess.org;a#G7Z2Xi$1;Andrea;reader
billcampbell@hotmail.com;!FawUgKh5X;Jennifer;reader
rachel53@mcdonald-perry.org;(BzZhx6OV4;Shelby;librarian
matthewthomas@gilbert-juarez.org;4%UQ+Ggh+s;Juan;reader
ywilliams@yahoo.com;!OZRQv3k!8;Juan;reader
joannacox@smith.com;)9(GKu+5Pe;Claudia;librarian
franklinsarah@williams.net;#VHfBv1#m5;Eric;reader
shaunbrown@hotmail.com;r^6jJPxsOR;Cameron;admin
mandywalker@bennett.com;0PM1LTuO8@;Courtney;librarian
sanchezcarolyn@white.com;@n3Uu#m5)m;Nicholas;admin
suzanne47@hotmail.com;*j1AxQ%g%_;Benjamin;admin
weberkayla@gmail.com;#gI!GasZ0v;Isaac;admin
henryrodgers@hotmail.com;z)qk8*qHCG;Lisa;reader
stephanieortiz@gmail.com;#a6Ap+t(y1;Spencer;librarian
lisa63@hotmail.com;)$Hjiwfhy6;Morgan;admin
sbarnes@gmail.com;ma*4GF@pOT;Jacob;reader
fosterjeremiah@gmail.com;o^m57RAb8O;John;admin
thomaspena@meza.com;*2I1hOhb1K;Ryan;admin
smithpatrick@gmail.com;@_24VeOaU#;Dalton;admin
ivillarreal@george.com;X!@AcLcr^9;Robert;admin
denise49@griffin-dudley.com;tY8bRjdk)Y;Michael;reader
youngbrenda@chambers-weaver.com;j0bJ0Qtv)N;Larry;librarian
hoffmanchad@adams-mcclure.net;B(*0UFnC0N;Christopher;librarian
kaylaperry@yahoo.com;s9r5_HiG*B;Joseph;reader
quinnmelissa@hotmail.com;XTB@A8ElHE;Kenneth;librarian
rodriguezmelinda@wilson.com;&+(XE7XciJ;Barbara;reader
tlewis@turner.com;Ak^@2XmT!$;Theresa;librarian
mmurray@davis-lee.biz;za$5Ts(Lj_;Julie;admin
uryan@allen-mendoza.com;_W5WeuU*O&;Thomas;librarian
mariasharp@welch.org;56CLjCfd^^;Rhonda;reader
johnbrewer@cabrera-neal.biz;0&1lxWzt5R;Michelle;reader
adamstroy@howe.com;I7qwOld!%y;Samuel;librarian
hmiller@wiggins.info;#Es9EHhgLG;Mark;librarian
owalton@gmail.com;&upkVrU$V4;John;reader
princenicholas@gmail.com;qPd1YCYo^*;Kellie;reader
zgaines@roth.com;$6Tskp(+jy;Steven;librarian
kevin35@singleton.com;52B6qs!W!T;Vincent;admin
johnsonkathryn@gmail.com;_9Qz800hxG;Katie;librarian
ihughes@gmail.com;Dn7fQZD1D$;Laura;admin
icook@gmail.com;fvdAVppq)2;David;reader
jenkinspaul@hotmail.com;sz%7J0muiH;Madison;reader
martinjermaine@gmail.com;q4^TK9nm_t;Kristin;admin
emilykoch@gmail.com;+U#32Vrt2);Victoria;reader
marie30@gmail.com;q8I#X%Iq(e;Shirley;reader
kleinantonio@gmail.com;*b!C3wCBo9;Joshua;admin
markskenneth@hotmail.com;wA+9LoKp(#;Cody;librarian
reedderrick@burton-bernard.com;@4rKl#Bl0w;Margaret;librarian
idunlap@wilson.com;Mm7Vbzqze);Megan;reader
anthonypeterson@hotmail.com;t8EWOTRM@v;James;librarian
jimmyhardy@yahoo.com;6NYI&ZK$!t;Marcus;admin
andrewkennedy@terry-walton.com;)rIh#SQzp8;Alex;librarian
andrewsdaniel@gmail.com;16aZEo91)i;Jason;admin
peter16@calderon.net;#7A^pj+Jy4;Amy;librarian
robleskatherine@yahoo.com;(HR4n6bXF6;Theresa;librarian
brooke55@yahoo.com;K)87JF)9pf;Christopher;reader
amy59@gmail.com;!^uS9nogK0;Ronald;reader
ymyers@rodriguez.com;@ROtY9Xl(2;Kristin;librarian
tuckeraustin@murphy.biz;wj66+IE_A&;Bonnie;reader
amber56@johnson-robinson.com;Ih9k0Xzum&;Shelley;admin
dlopez@gmail.com;yhu0SeI%A^;Julia;librarian
maddendaisy@yahoo.com;#g47Pyh4Pw;Michelle;librarian
crystalwhite@montes.info;zd8Cmpk9@&;Mark;reader
angela70@hotmail.com;hr1Kq!ewM&;Amber;admin
jasmine12@yahoo.com;ue0NE%eSL*;John;reader
fevans@gmail.com;3@LGYwn!^6;Yvonne;librarian
scottshannon@davis.info;Blig2PRQ^8;Alan;reader
christopher78@bryant.com;T!YMHkki$0;Sean;librarian
brianjohnson@barber-castillo.com;$3vIjIlM8*;Adrienne;librarian
vjohnson@gmail.com;*D0CJeC13P;Jason;reader
curtis17@shaffer-bowen.biz;5zg*%Yq$)v;Marissa;admin
tjohnson@gutierrez.biz;@9O(QMRc^E;Phillip;admin
fcampbell@gmail.com;sS5GXjHh8);Desiree;librarian
latashafranklin@davis.net;Y0B&Bw!U!O;Amanda;admin
tiffanypage@gmail.com;7tETk&7V(g;Melissa;reader
jessicaguerrero@hotmail.com;1872ISQb^J;Bethany;admin
brennankayla@brown-meyers.com;_761qKs$w2;Sarah;admin
dennis76@hotmail.com;bil+5Yl1D^;Karen;admin
scottjones@adams.info;W3Cz(x#U!7;Tommy;librarian
tracycarpenter@alexander.info;QI6n&xVq!X;Lisa;librarian
ihicks@bennett-hill.com;iXAv)H7Q%6;James;reader
kellysmith@bird.info;C%8VmFa+xv;Jessica;reader
tyu@sanchez.biz;B7WHLsyh(E;Raymond;librarian
michael15@gmail.com;B#vd0zYqBW;Robert;admin
acostadeborah@gmail.com;%JK5)Xer!B;Tara;admin
kristinmeyer@hotmail.com;F^9WFDkR0x;Cheryl;librarian
benjaminerika@gmail.com;gpr#_hF5t@;John;librarian
jacquelinelewis@gmail.com;4(0%(Tk&U0;Michael;admin
derrickrich@ellis.net;QZ2qLH0d@(;John;librarian
rioscheryl@francis.info;7TZC0qz)&3;Alexandra;admin
davismichelle@yahoo.com;)NtAcDDo7s;Morgan;librarian
larajason@anderson-owens.org;&JW14ZFfAb;Cynthia;librarian
john42@gmail.com;+RXYcrh@89;Ariel;librarian
murraydylan@smith.com;!b7@4KArr!;Brian;reader
kevinreyes@yahoo.com;RU1OnQEn4_;Christopher;reader
jennifershort@yahoo.com;d&4h9WCnR(;Willie;librarian
yvalencia@gmail.com;^8+yEWdole;Elizabeth;librarian
osbornewesley@lewis.com;j3aBoAs3%7;Debra;admin
xcastillo@joseph.com;)0T^8UxWET;James;admin
christophergibson@mills.com;(2H!Ht4QRU;Eric;reader
ahoward@gmail.com;XOY_4HHm+6;Thomas;reader
wmarsh@holloway.com;!5QNNy_MoJ;Jordan;reader
stephensjeffrey@hotmail.com;(b0@XBChHY;Cory;admin
xoneill@yahoo.com;_32$CjLl#3;David;admin
mbrown@gmail.com;U!QDp9ZrMb;John;librarian
lopezsteven@wright.com;9Y_z9REn#%;Kathryn;librarian
todd53@harper.com;S6%S7yYP$g;Stephanie;admin
taylormark@thomas-mcdonald.com;Y^12UzCgGw;Joseph;admin
lammichael@yahoo.com;+&3SaG!su2;James;librarian
crystal72@potts.com;_dMIdA1p&7;Andrea;librarian
sarastevenson@hotmail.com;!60*IOg2%K;Robin;admin
kimjohnson@morse.org;Rg6Uw&or%1;Dalton;admin
diazhannah@yahoo.com;ifE%0JKfDa;William;admin
karlelliott@yahoo.com;&!k(D)ko3T;Raymond;admin
thompsonjames@tucker.org;%5V0eJra%s;Jason;librarian
lisa88@yahoo.com;&6C+K(WM$d;Travis;admin
ndunlap@hotmail.com;h%d2H_VL^5;Becky;librarian
morrisonholly@gmail.com;og54l+Mmi#;Kimberly;librarian
asanchez@gmail.com;680MixkJ!0;Robert;admin
christineking@gmail.com;HCR2v2Iy#w;John;admin
hollywatson@gmail.com;!(PJcnK0r3;Kyle;reader
laura36@edwards.com;!7S6iuZvbp;Maria;admin
raymondarcher@lucero.com;kt1Qz&@M#P;James;admin
norrisashley@miller.com;#o0CmfWqD9;Adrienne;reader
smithmichael@hotmail.com;)0EHh(h26X;Nathan;admin
pricetiffany@fields-oconnell.com;sErQ1%Ql$8;Craig;admin
willie59@miller.net;fvZ3UhNOO&;Charles;librarian
lisaschneider@smith.org;#WEYuJu1b6;Jennifer;reader
scottmiddleton@young-alvarez.com;!x^1V)T^o4;Tracy;librarian
drakerobert@freeman.info;5X38VNoS)w;Crystal;admin
margaret82@galloway.com;)4qUbxeJ$4;Amber;reader
matacorey@miller.biz;i92MTTiQ8);Mason;admin
bestraymond@curry.info;X%F#0NwBub;Michael;reader
ryan69@powers-lee.biz;+Q50IMay%l;Sarah;admin
leslie30@gmail.com;Et^3+Vi4Az;Lori;librarian
millerdeborah@holden.net;*p8nDWkX*!;Bradley;admin
rebeccajones@gmail.com;y7K_hVeq@3;Brad;reader
akim@gmail.com;k1nFSmEK(r;Andrea;librarian
gduke@gmail.com;_z3Lf6XT$y;Nathaniel;librarian
anthony64@hotmail.com;*7_dAJd4*b;Juan;librarian
danielwhite@pratt.com;CQ$81Ps1*c;Elijah;librarian
daniellegarcia@yahoo.com;_ae2GcSjMz;Katie;librarian
michaeltorres@velasquez.com;pI4YzEv7&T;Ricky;librarian
brian19@booth.info;!y0bKNvloZ;Madison;librarian
scottpatricia@gmail.com;$1U+Njid9K;Christopher;admin
lisarich@weeks.com;4sVY&9Mf@);Richard;admin
anthonygibson@gmail.com;#4CwL^Bl2^;Angela;admin
aprilyoung@phillips.com;+j28PqXIAi;Jennifer;admin
teresa99@hotmail.com;C!(0Tao^K+;Jessica;admin
eddie96@gmail.com;_0ctZ)g5oq;Vanessa;reader
tbarnett@moore.net;!L0MYhY%ZJ;Stephanie;reader
christopher25@yahoo.com;+##5DMaXDs;Beverly;librarian
richardcampbell@gmail.com;03gOEXo1%t;Lisa;reader
sjones@ferrell.com;$A8Ps35c8g;Melissa;librarian
tross@hotmail.com;$3eaW^mWAp;Nicole;admin
igonzalez@hotmail.com;rl8pK!6yJ!;Susan;reader
reedstacy@navarro.biz;PKW^9auq$0;Donald;reader
cruzcody@williams-reyes.net;V+8NKeJf1G;Michael;librarian
murphyanthony@silva.info;0hB)5pGyI%;Sheila;admin
briannafitzgerald@johnson-petersen.com;@iHiVj$v9*;Eric;librarian
pfoley@owens-simmons.com;Ug(3sR%fe9;Michael;admin
kdavis@steele-ortiz.com;vDpjSSzU@6;Eddie;reader
vrivas@friedman.net;e*8rq3Mf!M;Amy;librarian
shannon89@santos.info;rr_B9P4dB);Christopher;admin
ddavies@brown.info;*!X9Aie55V;Melissa;reader
pnguyen@barrera.com;@!DrF9C!h4;Samantha;reader
rbrown@stein.info;4C@WdeAh+c;Rodney;librarian
sedwards@gmail.com;1nF)tTeh^A;Robert;admin
aaron87@davis.net;hm+RP$ze!1;Paul;reader
emunoz@hotmail.com;gQ2@Wgugu+;Alisha;admin
briggspatrick@hotmail.com;!G0XEoLcx5;Abigail;librarian
zimmermanmegan@hotmail.com;Z%*&8SLj8z;Jessica;admin
scook@gmail.com;H8_!1Ij9rO;Cheryl;librarian
johnsonryan@macdonald.com;15x&T)e3)c;Stephanie;admin
marklloyd@yahoo.com;(5YY1iGzcI;Kaitlin;librarian
jjohnson@hotmail.com;u5%_RfNe^N;Michelle;admin
carolyn04@bradshaw.com;j8Qbww3*!1;William;reader
tracyanderson@yahoo.com;+*x4GTbMwQ;Jacob;admin
michaelsmith@armstrong-osborne.biz;@C0Qwr9eBc;Walter;reader
pgreen@johnson-solis.com;sTtc1hJh&^;Karen;admin
lisa83@yahoo.com;3e1X2tktw#;Amanda;librarian
khanna@yahoo.com;T)j0qR5oQ4;Albert;admin
dustinbrown@gmail.com;8sNZ3Es@%B;Joseph;reader
nancywilliams@thompson.com;$$1ZPsyjN(;Tyler;admin
jordanalexander@wilson-cline.com;Rk$82Jy1FW;Mark;librarian
gfischer@foster.biz;@70(Aw!$xK;Lauren;librarian
dylanho@hotmail.com;_e@08S*vxN;Lisa;librarian
chale@moran.info;*kY63IzG%W;Tyler;admin
patricia26@barker.com;n&09(SgcEw;Danielle;librarian
michaelpatterson@gmail.com;l3!T*Jpz+(;Kathryn;admin
glassgregory@hotmail.com;E@$3KWGjLp;Jason;librarian
jwatson@gmail.com;G6_qX5Yw6#;Margaret;admin
arodriguez@gmail.com;ME*DK8Gcdo;Stephen;admin
amy58@vega-nunez.com;maVf@1GeQ&;Jim;admin
xbrown@hotmail.com;mTWF_4a$&5;Monica;admin
mitchell89@curtis.biz;%I!7MjqyQf;Willie;admin
ashley90@yahoo.com;(1PHrvlVem;Hannah;reader
gstewart@green.info;&D8E7r1T*C;Jason;reader
thenson@abbott.net;mlO#Z6F3m*;Norma;reader
elizabethgonzalez@hotmail.com;_7qJtZ$g#F;David;reader
bennettchristopher@hotmail.com;FrGCUtB+&5;Keith;librarian
brandon06@allen.com;uT#S9LSwE_;Joshua;admin
gentrydouglas@weber.org;*oAM(fvbF6;Pamela;admin
patriciasmith@yahoo.com;N6GEPgod#b;Lauren;librarian
mknight@gmail.com;IlS1Y_Yqf^;Jeffery;librarian
holmesshannon@yahoo.com;&y8GGv0I@Z;Steven;reader
gwilliams@gmail.com;b)gQy8jRTN;Michael;admin
juliehamilton@reese-alvarez.com;T%v3Ih+GVo;Jon;librarian
william69@hotmail.com;PI_59gQz7$;Fernando;admin
michael27@gmail.com;6AAnnE!e$4;David;admin
carterstacey@gmail.com;GUCBs3Stk_;April;admin
wrighttimothy@hotmail.com;*c2_4Csk@6;Francisco;librarian
hbrown@hotmail.com;*u+MHeii25;Ryan;admin
blakeheather@wells-hernandez.info;3_g0I4_AQy;Michael;reader
michellebond@sanchez.com;%@4WPd!$zu;Daniel;admin
joshuahayes@hanson-ramos.com;!5zV@gX@2I;Justin;reader
egalloway@gmail.com;mlENVjm#$3;Juan;admin
wrightdavid@mcpherson.biz;51FIZJoQ_G;David;admin
beth21@carlson.com;!(nG1Kf1ve;Heather;reader
freemancrystal@gmail.com;8H#m6S8t*%;Cathy;reader
bmyers@orozco.info;)1^eJn&fq^;Megan;reader
robertharmon@booker-hunt.biz;k&2G@@Cwtx;Katelyn;librarian
gonzalesdanny@adams.com;6wM0GCg@#z;Yvonne;admin
alexisbennett@yahoo.com;s*w8GIrv1x;Haley;reader
jhobbs@gmail.com;&9bUckcRoB;Kyle;reader
tmills@ramirez-nunez.biz;N^&z&qUpd0;Timothy;reader
mharris@reyes.biz;bK0HLrorI!;Stephanie;admin
dtorres@hotmail.com;%@RQ+X+x&4;Rebecca;reader
uyoung@yahoo.com;6^4jZ@&y@f;Elizabeth;admin
chapmanjeremy@yahoo.com;@o04uaL4E@;Jeremy;admin
wleonard@gmail.com;^k5yMyCBm6;Ian;admin
clarktimothy@gmail.com;E9GTBIRl!Q;Jessica;admin
amy66@hotmail.com;T7qRD@z+*e;Gina;reader
anthony76@gmail.com;8)VGYyn($I;Bryan;reader
victoria49@morris.com;*uyvRCoG54;Brandon;admin
shannon34@gmail.com;*sC)w_O+q9;Scott;librarian
alishawilliams@hendricks.info;z4D(vL1D*X;Richard;librarian
bradleyjacob@morrison.com;hgLH7HVz+3;Angela;admin
hamiltonanthony@hotmail.com;R41$6VcPQ);William;librarian
jhoffman@blanchard-burton.biz;Bu14F!Ui^v;Patrick;reader
melissa54@carter.org;@Z5EJgrSUH;Michael;librarian
edecker@abbott-moore.com;i!$9Z+ki#i;Sherri;librarian
lhood@yahoo.com;x(2qeHGpGr;Jenny;reader
kevinbell@phillips.com;ww+RoHfs!2;Dawn;librarian
wdavis@browning.com;9d%7mKrOVt;Jason;reader
xmckay@salas-santiago.com;m$t0wHobno;Lisa;admin
greeneerin@juarez-burgess.info;*^l*l2@wYE;Scott;librarian
gmoore@gmail.com;X$39qWBy!b;Courtney;reader
jerry99@stokes-sullivan.com;niE3Bufe$h;Jason;librarian
gbenson@stephens.org;_r5C#+Mn%o;Joseph;admin
rodriguezthomas@yahoo.com;c1^X%dYj)n;Charles;librarian
karlabradshaw@yahoo.com;f&5N^Vuadi;April;reader
andrew93@rangel.info;^67Tdg3Y9@;Cheryl;reader
pwagner@ingram.com;f32X)YsYz_;Michael;reader
ashleyyoung@bishop.info;kB4LL%klD^;Shane;reader
wardscott@kidd.com;i*1IWjK%##;William;librarian
nataliecooper@romero.net;_8QDutO9@8;Jordan;admin
veronica55@parker-gonzalez.net;B)5CNo$Hn+;Tracy;admin
mary60@gmail.com;0J(6Ux&@5R;Diana;librarian
dakotadavis@yahoo.com;#Bg7K3ne4t;Suzanne;reader
isanchez@haney.com;927ZaJJbZ_;Frederick;admin
joel36@malone-short.biz;f&3(fHHq7%;Steven;admin
phillip09@yahoo.com;!O7CEPlOP3;Caitlin;reader
qcollins@woods-kim.org;1r46WVzJZ+;Susan;admin
jennaoliver@morrison.org;x)0aGd@vqc;Deborah;reader
stephensmatthew@hotmail.com;W0YvkwQd!6;Amy;reader
angela31@hotmail.com;63R(+3Sh%2;Gerald;reader
john50@hotmail.com;zoh)@7PpWc;Melanie;librarian
jenkinsroberto@bennett.com;5jAW8py&+^;Kyle;admin
ccharles@bender.com;&2hWUEi+Ge;Nancy;librarian
melanieevans@hotmail.com;ES7HpEr9$Y;Makayla;admin
alexisjohnson@yahoo.com;@+9k6Hj4jC;Dalton;admin
huntallison@jensen.net;#2*5H5q_Gu;Robert;librarian
martinalexander@gmail.com;*h_mBUhYp7;Cameron;admin
jonathanramirez@barker-acosta.com;@j5DCZl8pq;Wyatt;reader
james25@fowler.com;i)6LwIg%1&;Jennifer;librarian
richard40@yahoo.com;N_2KFcLPVD;Gregory;admin
qoconnor@herring.info;E^Z9HBxaZ(;Matthew;reader
jacobnguyen@benson.com;_g8zD+gB#O;Melody;reader
mark88@kennedy-navarro.org;LL(EJBxb&3;Paul;librarian
wmccoy@burch.biz;*Zk6dSQr1D;Cheryl;librarian
anthonyhoffman@yahoo.com;%2*Dskv2Ig;Zachary;librarian
xarmstrong@warner.com;%jHVza3f%9;Robert;reader
jefferyharper@hotmail.com;8K)8bKJowC;Tiffany;reader
travisjason@gmail.com;^u1MmSr!$E;Kara;admin
lorraine51@hernandez-anderson.biz;S5AGTr6i@*;Adriana;reader
markunderwood@yahoo.com;&50Bf7Iu8O;Christopher;librarian
plee@thompson.com;7F(6%3QjXl;Jose;reader
gregory52@gmail.com;*70lqbSq$j;Sheryl;librarian
hansenronald@hotmail.com;U+&V8TVucz;Katherine;reader
marie38@johnson-griffin.biz;u#*5Xn#vO(;Amy;admin
dannylara@hotmail.com;G#53IYfU$(;Christopher;reader
feliciagross@walker.com;f0Q)X&x(@C;Linda;librarian
michaelgeorge@ramos.com;_H0GSlnpm5;Rebekah;librarian
lellis@roberson.com;3&lCO7tP!g;Shelley;admin
samuel36@yahoo.com;R@4Ii2e+n_;Austin;admin
vmercer@davis.com;*T&NHHSvj5;Matthew;reader
gporter@callahan.com;hBCcywtD*5;Joseph;admin
nwilliams@hotmail.com;R)9Vm#fCL1;Lori;librarian
paynedennis@harris.info;dA&YnfdO%4;James;librarian
arnoldlaura@gmail.com;z$01w+By^F;James;reader
kathymitchell@yahoo.com;(2wIiN*sC9;James;admin
karenmorrison@brown.com;cNG2x$Qc_3;Monique;librarian
omiller@thompson-briggs.org;M0w(3SWg@1;John;admin
tcarter@peterson.com;&gTXAuuKW6;Elizabeth;admin
robertchavez@sexton.org;*1GVuut0u2;Ernest;reader
psuarez@hotmail.com;E_3H$syWms;Amy;reader
xweber@hotmail.com;GW8A+)0w&9;Sarah;reader
marthabryant@perez-hale.com;(69XIao7O6;Allen;librarian
mark01@hotmail.com;c66XH$ma!j;Elizabeth;reader
pbyrd@rivera.com;&v%OPPdG$0;Courtney;admin
wmartinez@gmail.com;v3vd#CeI@r;Rachel;admin
anthonyreese@bell.biz;$)z0gPp&#M;Michael;reader
christinahodges@hotmail.com;k(8tUZd3Q(;Lawrence;reader
christopher39@hotmail.com;+S*WR6UxYo;Joseph;librarian
reidkelly@lee.org;#8t6ApF(+6;Matthew;admin
sandysmith@williams.com;*yg6!f2kQ0;Anna;reader
richardmunoz@bruce.info;5^75CLt@TI;Christine;librarian
kwarren@wagner.com;^x*6XNXi@a;Phillip;reader
thomasdavis@gentry.biz;S6yAfhV+_h;James;reader
davidsonerik@mckee.net;^Gz0QHa%#M;Adam;librarian
fanderson@hanson.com;OwqI0i*e_6;Vincent;librarian
brendan21@gmail.com;Y8D@mP&3@v;Daniel;admin
daviesphilip@gmail.com;!ATfhue386;Kimberly;admin
bobbybush@walter.net;R47C6WLe8*;Lisa;reader
burkechristopher@yahoo.com;A)4y7lgdsJ;Joseph;admin
anavarro@gmail.com;13^Id1Of$i;Elizabeth;admin
cameron75@gmail.com;201xQRNL#d;Ryan;admin
rdavis@murphy.info;k7OJ@Dnb!2;Daniel;reader
shobbs@yahoo.com;(6FJ@yDDge;Julie;reader
zavalajoshua@jackson.com;%_BFKHJfm5;Rose;librarian
usmith@gmail.com;*3(R6EfrO$;Teresa;reader
isabellathomas@hotmail.com;Yr0Q7&i1S);Crystal;librarian
castrochristopher@cervantes.com;+)5DEZlq4&;Denise;admin
pross@blanchard.com;iB8UUvgU&$;Maria;admin
gcombs@hotmail.com;$5OJKUPeAS;Jeffrey;librarian
brownamy@gmail.com;c2EM+^$w%2;Emily;admin
kingdiane@martin.info;*n*c1Rdt8J;Kevin;admin
greenmichael@yahoo.com;)zhu9F6sK%;Laura;reader
daniel11@johnson.com;4*zLP3QbGI;Jeffrey;librarian
davidparker@hotmail.com;1X%8J*vIb(;Andrea;admin
erinjackson@andrews.com;7^6UT3pyZ_;James;librarian
fryjohn@morgan.biz;9HS2Xglv!@;Cody;admin
cynthiagray@mcconnell-riddle.biz;Qa5YQuyQ$v;Jeremiah;librarian
douglasjohnson@hotmail.com;)5MDPahPHR;Laura;reader
jonesmichael@hotmail.com;S3CXpcfH^N;Matthew;librarian
janice88@hotmail.com;$U6FVeBqM+;Jason;admin
wilsonbryan@yahoo.com;_m6LyHCh3_;Caleb;admin
laurafernandez@yahoo.com;2(hf4qDiNX;Joshua;reader
williamwyatt@gmail.com;K)lQ)hnC$3;Shannon;reader
tracymcclain@yahoo.com;)3#kDCgqen;Victoria;librarian
ntucker@gmail.com;6)Q9jXCyWf;Antonio;librarian
vedwards@gmail.com;%1FP0KE)(n;Margaret;librarian
qpowell@gmail.com;dOb8tHNU@3;Lisa;reader
williamssusan@king-williams.com;voQU!(ob)8;Tammy;reader
krios@yahoo.com;Z4DWFp*p+c;Brandon;admin
donna33@mcdaniel.biz;(vPKphlf3%;Rachel;reader
fredericksimmons@hill.com;&lZJ38B_p3;Kathy;librarian
brittneywilliams@hamilton-rodriguez.com;#5I#O*w5(H;Alan;reader
dylancalderon@ramirez.com;oMrKYueu$0;Daniel;reader
gina77@gmail.com;j_sg27Ik9v;Michael;admin
nicolesmith@yahoo.com;HBWpRQAq&5;Calvin;reader
brian82@hotmail.com;u77t%BEbb&;Sabrina;librarian
justin60@yahoo.com;5e#3Q4Ua6f;Harold;admin
uvazquez@solomon.com;)Y0rPYwP1W;Cheryl;admin
mcdowelllisa@yahoo.com;&9NNA#0dgv;Danielle;admin
dbaldwin@meyer.com;wX63Tx4zf+;Michael;reader
ysmith@hotmail.com;&SQ5iBo@IG;Susan;admin
kingkimberly@copeland.com;g2VJOjxO#f;Antonio;librarian
henryyvonne@gmail.com;V7PzbBt5$c;Richard;reader
jeanette20@hotmail.com;#2ZiJmgU*7;Angela;reader
whitney12@williams-wong.org;DU5L_Iyr&$;Gabrielle;admin
johnmcclain@moss.com;p44hTwFdH_;Haley;librarian
aprilfoster@graham.com;Mb9JTt+pB(;Catherine;librarian
nbarnes@johnson-reed.com;N8S6lWjs+U;Jane;librarian
duarteconnor@chapman.com;$VFEbRy)0R;Helen;librarian
juan48@hotmail.com;yzQ#7Eh7kd;Gregory;admin
mclaughlinisaiah@williams-nunez.com;v+4vbxgeJN;Tina;reader
santoseric@yahoo.com;!)4fJ&Dk^L;Alexandra;admin
lambertann@yahoo.com;Du!f6Dme*6;Shawn;admin
daniel10@flores.info;!VYpF7TWl9;Debra;reader
mark30@baker-glover.info;x#K5L3bm@w;Jessica;librarian
keithramirez@smith.net;GFz7ieQqY^;Douglas;reader
omcintosh@hotmail.com;%QOf1V*m*F;Kristen;admin
marcus16@gmail.com;)71$TQ%iht;Holly;reader
kingkelly@hotmail.com;D&7DjA(lAf;Wendy;admin
matthew73@gmail.com;_9TEgy&v%v;Arthur;reader
caitlin36@mosley.com;1SPDtooe@N;Jeremy;librarian
whitejennifer@gmail.com;wSYhIbUC_7;Christine;librarian
turnerjason@gmail.com;g54ZUy7@$*;Tina;librarian
bethanynguyen@gmail.com;s$A4vZZi!L;Robin;librarian
randyroberts@yahoo.com;(V9yFz$m!7;Sarah;reader
thomastaylor@hotmail.com;$yDtqX%(P7;Joseph;librarian
baileymary@fowler.com;_$1dRc9TlR;Karen;admin
alisongarrett@yahoo.com;^a6(NKm5l_;Michael;librarian
joseph53@morris-bennett.org;Ctgy3JCt!r;Crystal;reader
gomezjeffrey@gmail.com;(5#AoiQgli;Matthew;admin
millermelinda@hotmail.com;0L_MRmiQ!v;Jason;reader
burnettelizabeth@cooper-bowers.com;T6HZR+hj(J;Erica;librarian
dtrevino@dennis.com;#K1ZBIVt8@;Bryan;admin
karenkim@rosales.info;$w27@GVob$;Christopher;librarian
davidmurphy@yahoo.com;1QQY*Jm*(N;Jennifer;admin
urogers@yahoo.com;utpa64Kw(t;Kelli;admin
dperez@castro.info;$IIj0SYq!!;Bryan;reader
rebeccaclements@hotmail.com;f19TXPt9@Y;Trevor;admin
townsendtracy@strong-escobar.com;t7J2^HP#_v;Samantha;admin
brianna75@randall.com;*Q0fGqTwWg;Jonathan;admin
dbrown@hotmail.com;v_Y7KGd*%b;Rachel;reader
pwhite@hotmail.com;#@VMOyy7x7;Jesus;reader
phillipsdevin@yahoo.com;M&d8OmNgnd;Tiffany;admin
moorelaura@gmail.com;y7O6H!Fi1*;Rachel;librarian
ann28@gmail.com;f0Ogyb$M!8;Christina;librarian
michaelwhite@allen.com;8&3nQhqnqL;Kevin;reader
nicholsxavier@hotmail.com;DZ0LftBy(#;Megan;reader
hkeith@yahoo.com;d)n5U8JhnG;Jay;librarian
bethany51@long-mejia.info;4Z05DQpn$V;Michael;reader
ogordon@smith.com;D&$YK4Jo!8;Brian;reader
crossfelicia@yahoo.com;)Kexg5%q5p;Bonnie;reader
natashachapman@perry.com;180B&Ws*&v;Jennifer;reader
leeamanda@page.com;a!TKZKEy$7;Mary;reader
sarah78@robles.biz;iBiDT^Uf_3;Jasmine;admin
crystaljackson@gmail.com;$8VjCxj+5K;Cameron;reader
tracyschmidt@clark.biz;%nNo_MnLM6;Michael;admin
tpoole@stanley.com;*407Sr6s!0;Eric;reader
williamperez@hotmail.com;K&A)S77ssO;Christine;reader
erinwilson@hudson.com;C0Qjd2Ih&x;Cory;librarian
ulucas@jackson.com;Z$8RBw(u#K;Gregory;librarian
fterrell@grant.org;!0l5BGx7&+;David;reader
smithsteven@gmail.com;*MULY8cfl7;Shane;admin
qgreen@hunter.com;4_GI99vz$6;Elizabeth;reader
qlevy@baxter-wong.org;hg81K7bfX!;Andrea;reader
hilldouglas@yahoo.com;)u2CDPtkmO;Dawn;reader
david21@young.org;b4IB4XKf&R;Danielle;reader
richardburns@yahoo.com;)i9IVMfgW#;Steven;librarian
jared05@gmail.com;8*rh9QTqh^;Joshua;reader
iray@gmail.com;e#0FVCeE%&;Matthew;reader
dmartinez@young.com;_Y9aQCmRMk;Stephanie;admin
dsmith@hammond.org;6T(TveYo&t;Lori;reader
craigwood@gmail.com;Rd@gf2Zbc$;Lisa;reader
ortegathomas@thomas-gonzalez.com;H&Y0MBy66U;Douglas;librarian
jamesparks@gmail.com;l45Y$YJok#;Rebecca;admin
leewilson@daniel.biz;KSqFS$$z!5;Susan;reader
cookjoseph@yahoo.com;+S2d%HYa8_;Ryan;librarian
lisa59@hotmail.com;Rm1CSk86)1;Antonio;reader
christineshaw@yahoo.com;($j1WMh#OO;Debbie;admin
qlee@hernandez.net;#Q9ZtQcaH&;Nathan;reader
browndonna@johnson.biz;5y7!Z5GkM^;Tiffany;reader
cooperheather@levy.net;K@1FLXeyjK;Jonathan;admin
leahmcintyre@mccullough-gonzales.com;t1lusOC!&i;Oscar;admin
craig37@yahoo.com;HPn0qXoz*B;Thomas;admin
johnmason@gmail.com;*^5coEkuqg;Victoria;reader
dturner@hotmail.com;PS0UlYz$y_;Leslie;reader
tanyamunoz@hotmail.com;xp0tEh4d%p;Daniel;reader
wayne32@yahoo.com;gcNo1Vs%G+;Jennifer;admin
zpena@mathis.com;YsDmu0Zu^&;Anthony;admin
hammondgabriel@yahoo.com;vb9c&rE+e);Rhonda;librarian
danmedina@porter.com;635FMwu+P%;Kristina;librarian
ashleywoods@johnson.net;v6Jx1Cos&!;Rodney;admin
bsalazar@hotmail.com;6@4V49Bw0V;Philip;admin
marvin55@martinez.com;r$OaSQmg+2;Jamie;admin
wonganne@gmail.com;1Y$5WReB+%;Kim;librarian
nwoodward@gmail.com;H!X2)barHF;Miranda;admin
kzuniga@hotmail.com;c9nA!eod#y;Elizabeth;reader
melissa09@gmail.com;Q%6GwbErAq;Mitchell;reader
zalvarez@brown.com;cGCPs6jM1$;Jose;librarian
chadbaker@yahoo.com;RNPz(p7tp#;Andres;librarian
valerie32@yahoo.com;)9Bv2D3KY1;Caroline;admin
townsendclaudia@white-taylor.net;^W3RTg_hbM;Gregory;librarian
wtanner@montgomery-sanchez.com;W!EH2KBM&h;Anna;reader
samanthathomas@yahoo.com;!7T21*x5Wf;Gerald;librarian
elizabeth57@acosta.com;4vFHcIVb%X;Melissa;librarian
garciadanny@hotmail.com;i+$4TLrl)G;Sherry;librarian
daniel49@yahoo.com;ZI4g8GvUw!;Theresa;librarian
davenportdevon@gmail.com;IU1vWLm9*#;Chelsea;librarian
whitesamantha@gmail.com;2rDlG1oL^7;Shannon;librarian
paynekelsey@duncan.info;+DR9RC*w5y;Michael;admin
luke76@rivera.com;1OAtgAP__c;Theresa;librarian
zbaker@hernandez.com;i@G1zQKfQ&;Megan;admin
sgilbert@hotmail.com;*4*gaLYfD9;Christopher;librarian
hesterjames@greene-jordan.com;4uDO*7Xd7^;Heather;admin
howardmichelle@yahoo.com;$@@QiliN5*;Brenda;admin
marysmith@richardson.com;)6+@z@P$Ma;Melissa;librarian
nperez@collins.com;^s0AdXi6*b;Lauren;admin
annapayne@gmail.com;WWp4eUxF$$;Rebecca;reader
porterryan@hotmail.com;7q+1Sdk56+;Jaime;reader
robin49@gmail.com;#%V6rQ#o97;Brian;librarian
christinemartin@thompson.com;M%Fb8MJyqx;Edward;reader
qrussell@yahoo.com;)vYuZ3i+6$;Sarah;librarian
hoffmansamuel@gmail.com;6^q4CsG5J9;Joe;admin
candace84@bauer.net;k)%0koWkrQ;Mindy;admin
danacordova@gmail.com;Qj$LH4Me$y;Sarah;reader
obuckley@montgomery.com;bopk1Xlj^m;Zachary;admin
irobinson@gmail.com;HY%r_2Hm2^;Cheryl;admin
jgarcia@chavez.org;n@T5C4vx$W;Andrew;reader
randy39@cantu-sutton.com;!83&KI)jxj;Brian;admin
hlee@hotmail.com;0xJ$r27l(P;Todd;admin
alfred02@smith-castro.biz;^9L(0Psr#t;Amy;reader
tony59@gmail.com;$O1MqXV(JL;Austin;admin
kennedyrachel@hotmail.com;4nMyUrlJ(1;Curtis;librarian
jennifer61@hoffman-diaz.biz;#u5We&wE_^;Rebecca;reader
moorechristopher@hotmail.com;FRg1bQse&P;David;librarian
ccurtis@nguyen.biz;$92TGq+PW_;Lisa;reader
estradamichael@black-kirby.net;#710Qn&&$@;Phyllis;reader
jordan73@gray.com;iZp56BJb+z;Rick;librarian
jason10@frazier.com;tRkOlNxF_0;Jeffrey;admin
brownwilliam@yahoo.com;^^5T9t7Wq%;Christopher;reader
chanson@yahoo.com;)1PqDstMdI;Amy;librarian
joseph81@hammond.com;)vqLFT0uo2;Ruth;reader
josephmelissa@anderson.com;(Q2cStZ*_k;Rita;reader
nsharp@garcia.com;*(NGkAHa27;Jason;reader
stephennorman@yahoo.com;MKWb7Db($);Shaun;reader
brandon52@hotmail.com;K%1BTyEpXY;David;reader
davidbenitez@gmail.com;z5$EkWmC^&;Marissa;librarian
erin78@hotmail.com;+t2F(6Rt!9;Kristen;librarian
oalvarado@hotmail.com;n)7EKHqeiO;Roy;admin
campbelljason@hill.com;Z(oV5_WqSC;Lisa;librarian
kellypark@yahoo.com;)QnR#6xo6e;Ashley;reader
johnsonbrandon@berry.biz;!v^WMrx)6n;Brandon;admin
yarnold@gmail.com;%1I6!eYbPA;Alexis;reader
btran@hardin.net;f)3PT^n@^8;Jennifer;admin
smithbelinda@gmail.com;#0wcNV1e&6;Andrew;librarian
davidwashington@yahoo.com;)()1$eLex9;Catherine;reader
nrhodes@miller.com;zf8Eb7w1^H;Adam;reader
xmoss@garcia.info;+h%2%%DgQ7;Nathan;librarian
garzatodd@willis-williams.org;#)9pNz10vy;Brittney;admin
dawnjohnson@atkinson.info;(JOZDejB2J;Kim;librarian
curtis19@yahoo.com;a3o*1Kps#$;Megan;admin
rick05@pitts.info;%YVBg(r56O;Jessica;admin
patrickjames@yahoo.com;zFDywh2$+1;Crystal;admin
hunterkristen@gmail.com;NmvQ0M7lN%;Pamela;librarian
hannahneal@gmail.com;F^y(21OfGz;Danielle;admin
taterobert@hotmail.com;&tIeL$gsl4;Lisa;admin
escobarsavannah@gmail.com;(_1Iqj2)7p;Robert;librarian
xcobb@lewis-garza.org;@YIGkAFwo8;Kathryn;librarian
elizabethhess@yahoo.com;gZ5L$1Xa+);Sheri;reader
russellswanson@yahoo.com;_b_HQNmB&3;Sean;reader
zachary74@west-robinson.biz;ZD6A8Ask%1;Michelle;reader
gibsonmario@hotmail.com;zbQRVkFj_4;Christina;reader
pgonzalez@wise.com;m&0&BuW0*(;Thomas;librarian
tinawhite@erickson-byrd.org;2cBjWhNd!l;Jennifer;reader
stephensondanielle@mathews.biz;KCjqs8Wn4#;Melissa;admin
yatesstanley@gmail.com;%UDJ%wU^c2;Amanda;librarian
prattjoseph@gmail.com;)9PzYLa27K;Monica;reader
phillip27@livingston.com;P1suLBOp@G;Ruben;librarian
sjackson@hotmail.com;zx$w4jIyjq;Adam;reader
taylorliu@frazier.com;&b3NP@qv8#;Jennifer;reader
kbarrett@lin.net;#EYhyxtp7v;Jason;librarian
qknox@roman-martin.org;&iaWepwH@6;Marcus;admin
brownjeremy@yahoo.com;x0P)8oGyh^;Frederick;reader
davischristina@hotmail.com;K215kwOxi*;Laura;admin
kathryn31@bush.com;7j7_#0KnAA;Daniel;librarian
ana36@hunter-baker.com;ks8oRIv^@3;Daniel;librarian
erikward@yahoo.com;a#(6ESDgeL;Jeanette;librarian
jason95@yahoo.com;i$nN79p9dA;Jennifer;librarian
jeffreymarquez@hunter.com;r_7yHAkpA6;Brittney;admin
simssara@chandler.com;(H46QUuQ3&;Renee;reader
victormendoza@hill-lee.biz;b7Tt6+bo(3;Sheila;admin
frenchjose@yahoo.com;C1_^4gRe##;Ricky;librarian
christine66@gmail.com;M5Gy0oxb$Y;Charles;reader
andrew58@yahoo.com;ZBc9uHAw8%;Maurice;admin
xlee@davidson.com;*31C(U0ttV;Derrick;reader
margaretadams@dudley.info;7mT1SEWW&b;Kelli;reader
barrettlaura@yahoo.com;!VhDsg@A$8;Nicole;reader
tom72@smith-cervantes.info;_d9xSajDVL;Angela;admin
barbarafoster@yahoo.com;i@!d+4QgDa;Ronald;librarian
guy72@wilson-garcia.com;iw$)8RpWls;Kayla;admin
stantonjennifer@gmail.com;@4Se&Dwp!4;Cole;reader
timothyramos@hotmail.com;$fSNh$01E0;Sabrina;reader
joshua45@hotmail.com;_kMUTEofU3;Patrick;admin
kevinmoore@hughes-wilson.com;@D5mPGv%MO;Crystal;librarian
allenteresa@gmail.com;b3AczNin_s;Kathleen;admin
kristine64@gmail.com;s!Af9WvjYi;Jean;librarian
robertdavis@gmail.com;E_c@xoM6Lc;James;librarian
rhonda00@cooper-wilson.org;O3uCODr3)j;Elizabeth;librarian
mercerjoel@haas.com;#9DXw5cuY1;Katherine;librarian
shawn98@gmail.com;qsk$84Dp!0;Brian;admin
stacy77@yahoo.com;_l2_9Ex35j;Richard;admin
christopher29@mcdonald.com;*N3IJ2Os1U;Becky;librarian
brownlaura@ellis.com;+9F&JpPsSd;Andrew;admin
levans@sullivan-stokes.com;*1NAr0Np27;Anthony;librarian
michaelwhite@miller.net;4APys6nQ!5;Eric;admin
hotrevor@yahoo.com;pj6aTQoWG+;Kelly;admin
cannontyler@gmail.com;DPHiFNnK$6;Anne;admin
qkerr@gmail.com;&&7XZFeIsn;Samantha;admin
linda86@hotmail.com;H5BZoK5g%W;Jeremiah;admin
michellegregory@gmail.com;68*N2Bhewq;William;admin
jonesamanda@gmail.com;)7+(0CpW(i;Ashley;admin
carla89@yahoo.com;!1O(@$ycS2;Patrick;admin
xkennedy@yahoo.com;!#Ji9OwumF;Gerald;admin
twilliams@hamilton.com;&Ru(5MWlh1;Michele;admin
williamslori@simon.net;J&2zpGlK$W;Brandon;admin
cesarhall@yahoo.com;4jyhTrx)#M;Leonard;reader
dianawilliams@villa.info;Yr^8NNLuVX;Nichole;admin
loricummings@gmail.com;@32OGM0v$m;Kathleen;admin
htran@gmail.com;&)gK1PQvzp;Amanda;librarian
cameronwayne@hotmail.com;_6%oOKDy@n;Timothy;librarian
rosssusan@hotmail.com;6RWCtMU+^6;Samuel;librarian
justinjames@myers-miller.biz;Y@8pNNd2Fu;Jay;admin
george59@yahoo.com;i$1^pCTx8Q;Tyler;admin
saraalvarez@delacruz-brown.com;7PAqkFkh#e;Courtney;reader
jared98@johnson.com;t)fy2Nd@o@;Jennifer;admin
kimberlymcpherson@hotmail.com;(Q7)yfBaR);Patrick;reader
jacksonshawn@barber.org;%m3Hs3^dvn;Ronald;librarian
cherylhernandez@cox.org;F)b5GGgbIc;Jennifer;admin
heatherhowe@hotmail.com;^9YVBlx(te;Charlotte;admin
alexsawyer@hotmail.com;3_#0+Qb26J;Mckenzie;reader
balvarez@hotmail.com;_yDXcW)e&5;Rachel;reader
jennifer98@johnston.biz;N#1LwepBUg;Victor;admin
zwilson@yahoo.com;&%WNJMkc7P;Rachel;reader
salinassandra@gmail.com;^DzVHaq161;Danielle;admin
pittmanmichael@lee.net;@!uCzua%2B;Kathleen;reader
pdelacruz@figueroa-walsh.org;@ENyIv(#e7;Megan;reader
swallace@flowers.net;26y3laLuK(;John;librarian
mcintyredeborah@hotmail.com;8)!0GQ9zDu;Tracy;librarian
kwise@olson.com;#zViphxLj2;Victoria;reader
reedlisa@leon.com;W__3TrDai%;Cody;reader
erinreed@hotmail.com;71Cm5#ul_A;Jeffrey;admin
watsondavid@yahoo.com;og(6WwE)2$;Christopher;reader
elainevelasquez@love.com;!D_0aFafzf;Katherine;reader
andrew47@yahoo.com;$YXa%zPT!2;Abigail;librarian
mollynguyen@reyes.info;rW_6E#XhGb;Kimberly;librarian
xnguyen@wolf-kelly.com;72AQp)Bi*8;Autumn;admin
hensleydouglas@hull-robertson.com;V4jjZCsw@e;Deborah;admin
careytimothy@payne-lopez.net;@tpReQgR!8;Krista;reader
robinsonjeremy@lee-lewis.com;@B+_8AUq6j;Francis;librarian
dennis78@ford.com;2L0V9DGw%D;Kimberly;admin
uhanson@yahoo.com;Yt6Yrd7R@5;Alison;admin
fmartinez@yahoo.com;%gJ2#UUbD%;Rebecca;librarian
jillian81@yahoo.com;!5dQ^sw58x;Ernest;librarian
justinjohnson@sheppard.biz;$9#XJ^RkGm;Christine;librarian
emily86@delgado.com;V_L4RGs(WI;John;admin
emilyjohnson@blair-hodges.info;%WBg%)a205;Carl;reader
ybuchanan@collins.org;61%s5S5mF@;Peter;admin
woodpaul@hansen.com;Ey*NCaB2_9;Karen;librarian
christopher48@carr.org;Y1NBTgq+^8;Nicole;librarian
wadebryan@aguilar.com;_9$_A6GcGO;Daniel;librarian
kevinholmes@calderon-poole.biz;#IWwg1qDl0;Joseph;librarian
uyoung@hotmail.com;_6(kCH^nmK;Scott;librarian
jenniferjones@hotmail.com;%f3F04Pvzn;Andrea;librarian
yanderson@vaughan.com;&4CYqLubzs;Jordan;admin
tammydoyle@schultz.info;LOE+b@do)3;Allison;reader
amymaldonado@morrow.com;_2kUGg#s0Y;Jeffrey;librarian
patriciapineda@gmail.com;#2G0IPBq4j;Dawn;reader
aprilpham@short.com;723BUrpk&o;Nancy;librarian
stephaniewatson@gmail.com;f5JmymMg!G;Benjamin;reader
conniedominguez@gonzales-ortega.com;(2l+J9w(u1;Ryan;admin
jonesrodney@yahoo.com;#a1@Tj(Uy0;Jeremy;librarian
awalker@hotmail.com;5m9Bhp2F@M;Patricia;librarian
xbutler@young.com;47xqKJpx+I;Kelsey;reader
waynerivas@hotmail.com;S6P3NcyQ+T;Brenda;librarian
rdavis@hotmail.com;re5OO0c8$y;Karen;reader
courtneyperry@johnson.biz;@Qt)CNCYa4;Vickie;librarian
vanessawilliams@brown.org;$8vS_DH_y1;Alicia;admin
mlozano@hotmail.com;o5U29dWxo_;Amanda;librarian
millererika@gmail.com;_VK67Grva0;Jonathon;admin
michael94@gmail.com;O+0yxJLq8S;Susan;reader
bhunt@hoffman.info;)!9mUIkU#2;Kimberly;reader
gatesmario@phillips.net;(4X!Jg*1_E;Danny;admin
aclark@hotmail.com;G2cFK7oT*3;Jennifer;admin
christopherreed@gmail.com;#07W%Yj^La;Craig;librarian
ijones@hotmail.com;ic49KV9P*_;Mark;admin
rmills@hotmail.com;&byW6ZcHG4;Logan;reader
bdeleon@gmail.com;y6vqMqEb#I;Mary;librarian
amandahernandez@gmail.com;q@wdf9SyGd;Denise;admin
troyramirez@clay.org;*mWnwmZC^8;Amy;admin
timothy90@moon-griffin.com;_7OtnwOtS!;Alexis;reader
fwillis@hotmail.com;#%9Vf$+MTH;David;reader
wilkinsonaudrey@thompson-chaney.net;7pyF*bNq(F;Karina;admin
isabellajohnson@yahoo.com;b*Qf4DXg#Y;Mark;librarian
jacob69@george.com;5*1@Tl#f*2;Timothy;reader
oharris@yahoo.com;^)RN2Hw$Ws;Angela;librarian
rtran@rodgers-velez.com;Gt^xKpXy)4;Paul;admin
mharvey@arias.net;72%6^SJa(7;Dennis;admin
danielcuevas@gmail.com;(r7YH+Ci9_;Miguel;admin
philiprogers@bullock.org;Xd!9ZyxUl!;Ryan;reader
myersadrian@hotmail.com;G^6oM3IppB;Barbara;librarian
jenniferedwards@gmail.com;mN8_pKk3+2;Sean;librarian
asimmons@gmail.com;!)j5Hys73z;Charlene;librarian
josephdaniel@yahoo.com;1KMfu@d_%4;Karen;reader
whamilton@padilla-foster.net;ZB7guuHi0%;Eric;librarian
shawnaboyd@wilson.com;)3)Ks_nAW2;Jessica;librarian
michael60@holt.biz;$$HxsHLa53;Dylan;admin
pclark@valentine-chavez.info;@45YXMwEeA;Matthew;librarian
matthew07@gmail.com;ZIH+vgb^#5;Amanda;reader
ihuang@gmail.com;Y@+0Yj3j5@;Bernard;admin
mendezpamela@colon.com;^b1Ny8Gai^;Angelica;admin
scottcortez@gmail.com;&_0$IEVfg+;Karl;reader
danielle51@brandt.com;_No9MaJo*l;Jack;librarian
churchchad@hampton.org;_XqAeKk1P5;Anne;admin
rick87@gmail.com;j%*^7PWjgZ;John;librarian
lmartin@stanley.com;Ani02OuMZ!;Michael;admin
sarah89@baker-sharp.info;a6vHNSl8_M;Brittany;admin
karen40@torres.com;Mypw5Bh6+7;Sarah;reader
john91@hotmail.com;EQ1Vabhru*;Daniel;admin
esellers@stanley.info;WlK2pxUaF_;Peter;admin
rebeccamiles@gmail.com;0qC9SRsB&*;Katrina;librarian
odomjonathan@gmail.com;bItg)7ItK0;Sarah;admin
manuelreynolds@owens.com;1!A9RVKo_X;Richard;admin
rpitts@mcdonald.info;dO$(1rYqQm;Chad;librarian
johnvasquez@hotmail.com;(e1T**euCq;David;admin
denise44@gmail.com;@6EViN))k(;Melissa;librarian
jacquelineanderson@yahoo.com;(kgPP5Y%G7;Jose;reader
michellecollins@gmail.com;N5TJDsdV*3;Melissa;reader
amber82@yahoo.com;j^3dwyMSFn;Abigail;admin
gbaker@martinez.biz;UM$r0BgZs);Lauren;reader
santoskenneth@reese-kirby.net;%0GR5uaS#N;Jesus;librarian
kbowen@hotmail.com;jAfLoAwa_6;Christine;reader
jamesbarry@yahoo.com;0A%HHQyv+V;Joshua;admin
larsenmichael@davis.org;o5UigPjv(2;William;reader
heidi97@moore.com;exn*5GiLEP;David;reader
kathleenmann@robbins-hansen.com;kYeoC4Qs*4;Jason;reader
carrilloamy@collins.info;%y%XmcxIh2;Kevin;admin
bhayes@hotmail.com;%pJ2b7Rf4&;Jessica;reader
nskinner@garrett.com;+LXdoyAM09;Cristina;reader
jbailey@russo.com;8(5Pf(FpFJ;Jessica;librarian
boydrichard@jimenez-walker.com;rAAdzqnl%2;Heather;librarian
gonzalezjohnny@richards.com;b5IQzUFU%e;Michelle;admin
kingkim@ali-obrien.com;h%C(Y0t2)2;Jessica;admin
cummingschristian@moore.com;ho3T4V+m$4;Doris;reader
ylucas@hudson-watkins.com;##zOqTMY75;Mark;librarian
anne22@carr.com;HK0ZWgwf((;Penny;librarian
leecarter@morrison-flores.net;+XG6Z2x2Re;Melissa;reader
erik98@love.com;$tv3bMyr+A;Seth;admin
bdavis@hotmail.com;&mL((x66$6;Jennifer;librarian
jillianwheeler@garcia-wright.info;L9FT7dQn+H;Sergio;librarian
lindseyphillips@gutierrez-bush.org;%7O@pe)k(a;Danny;reader
david82@hotmail.com;R7lx1Ikid_;Charles;reader
jacksonaustin@coleman-petersen.com;+@qa6D_b8A;Linda;librarian
tracywillis@butler.biz;2@9E)lyJq$;Norman;librarian
longnicholas@yahoo.com;%9sZIeNA%u;Stephanie;admin
rebecca06@rasmussen.com;p0fFU#yi_J;Heather;reader
andersonjames@williams.biz;#VGiLZ2wp5;Alexander;reader
robinsonsusan@jimenez.org;+y8BGw83!&;Thomas;reader
andrewwallace@gmail.com;ZpV4S%lv7);Adam;reader
jonathan77@franco.com;2oAU1sEec&;Bonnie;librarian
hrodriguez@butler.com;3tm2Ka9F#b;Christopher;librarian
masonamanda@garcia-garcia.info;_8EdtLX4N5;Kevin;admin
mariawhite@hotmail.com;)80ehXk$(T;Karen;librarian
lmiller@evans.com;E!68Enu5c+;Sydney;librarian
ivargas@yahoo.com;y1FbYj&1$d;Jessica;librarian
justinphillips@gmail.com;3E@3&UKl+B;Holly;librarian
harrisoncarlos@lewis.biz;^1Yf6O&n!e;Kari;admin
langjose@hotmail.com;117hSMLeX$;Justin;admin
ronnie20@smith.com;3nLux47&+1;Rebecca;reader
kbrooks@garrett-garcia.com;dB6lGlaK_$;Hannah;reader
avilaterry@payne-wilson.com;F(6X70Fb%B;Jennifer;librarian
scottmueller@ferguson.net;9uc4wRwq&x;Aaron;reader
chennicholas@ramirez.net;Xi^bm3Wr&(;Michelle;librarian
rodneykennedy@macias-turner.org;xqGK@qXp+8;Billy;librarian
troybridges@martinez.net;^Fr9Qm(@rZ;Sally;librarian
thompsonmonica@woods-green.net;_*fC$C5cr6;James;librarian
geraldscott@castillo.com;_mMcnftk6c;Andrew;reader
nguyenrichard@yahoo.com;sKGug##N@1;Marcus;librarian
jimmy64@lynn.org;gk4NjHhJ)k;Christopher;admin
vlevine@koch.org;EB77&Jn6#U;Michele;admin
william61@gmail.com;zG&3VFoh5N;Pamela;reader
ryan91@english.org;Tc7uEWypM_;Sandra;librarian
alyssa50@knight.com;1nBzkYtv#W;Dylan;reader
sarahvazquez@rodriguez.biz;aa*x4AvsE);Angel;admin
maryrichardson@yahoo.com;p_6I0TSpHL;Donald;admin
uferrell@rodriguez-patterson.com;ux8LeIyc@3;Robert;librarian
michaeljohnson@calderon.com;!9WAoQ@w%t;Rachael;admin
deangonzalez@yahoo.com;)ZqRLjfO9$;Stacy;admin
csmith@hotmail.com;$@f5%JaX2s;Martin;admin
brianna23@flynn.com;1tze%AMk^c;Christina;admin
yorkmarco@robles.com;O9V03Sah+u;Destiny;reader
philip06@frazier-peterson.info;r&509OjO0W;Scott;reader
knightbrandon@yahoo.com;z(67YrI_^r;Stacey;reader
phillipsjustin@rivera-jones.net;Iu%V@gpb(2;Benjamin;librarian
nturner@hotmail.com;2wDpT!we_#;Geoffrey;reader
cfowler@yahoo.com;&d1Z0Q+t+_;Debra;reader
langamber@hotmail.com;e1Xu4dQ)*d;Tina;admin
huntjanice@donovan-roberts.org;+F3@fEFw#+;Rose;reader
wattstimothy@yahoo.com;bF5BtnBP(a;Barbara;reader
fsmith@moss.com;*0%m6BKgPv;Michael;reader
doylestephen@johnson.com;GHK*GOVs&0;Joseph;admin
joanna61@hotmail.com;fE4rsJn@v%;Amanda;reader
jeremiah22@romero.info;i)00GA$bZ$;Rebecca;admin
simpsonluke@parker.org;J8PaNOMn$c;Christopher;reader
wooderica@martinez-jarvis.com;$eGEiil%4$;Rebecca;reader
teresa15@roberson-ferguson.biz;c+3XpsgZ7u;Amanda;admin
conradbrett@wiley.net;Klu$8K1yN0;Jason;librarian
briantanner@greene.com;zm6DMz3#*6;Benjamin;reader
andrewkelley@gmail.com;N)E2Q7VtW2;Kelly;admin
bbass@davis-martin.com;#3PNYVhA&f;Charles;librarian
katherine84@morrison.net;5biEY@X$+9;Leslie;admin
cmccullough@smith.com;+30UBBXd1W;Kelly;librarian
michaelkim@yahoo.com;9l6Uizh*_!;Steven;admin
masonkeith@gmail.com;O7KQlliX@k;Michelle;admin
kimberlytucker@boyer-miller.com;&^Kjc+khJ2;Andrew;admin
rachel82@williams.com;gA%sBzrj(9;David;admin
owade@morgan.org;$%9H6&Xz^$;Shawn;librarian
rosalesdaniel@gmail.com;(P5mPHuYCE;James;admin
fharrison@wolf-combs.com;@pAUH*qK6A;Kayla;librarian
ttaylor@norton.info;3*R6rIAFMb;Kathy;admin
oyoung@yahoo.com;j^_1eXJo6$;Catherine;librarian
wardmichael@hamilton.info;^*My(qpHV3;Megan;admin
jamessexton@hotmail.com;_uDGr)F6#0;Brenda;reader
nguyeneric@yahoo.com;Qt_l7DUiv@;William;librarian
angela15@haynes.com;YA0KfeHKC^;Charles;admin
ikelly@yahoo.com;8H3YTDms$_;Thomas;reader
brewerdenise@hotmail.com;k53GHgqj^M;Daniel;librarian
tammylee@berry.org;^9xPx(knxp;Jenna;librarian
houstonheather@yahoo.com;*e%5xWqsP4;Megan;reader
sjohnson@gmail.com;n9jNa$gc%z;Jeffrey;reader
hannah95@yahoo.com;KF3JRyYb5@;Danielle;librarian
cruztina@gmail.com;_5qA0EuoE5;Mary;librarian
annaperez@rollins-edwards.info;0U4Iryt1#_;Jonathan;librarian
bmelton@peters-west.com;D8d4gVgq(Y;David;reader
whitegeorge@gmail.com;*n(IAD&kh0;Joseph;admin
donald68@hotmail.com;oG07#0Ur&P;Andrea;librarian
ychapman@johnson-dixon.com;Pi842^kz+0;Courtney;admin
zbishop@hotmail.com;!q3BVddFZJ;Melanie;admin
michaelgonzales@buchanan-berg.biz;%2DDs9zftF;Ashley;admin
nathansharp@gmail.com;jn11OPExw!;James;librarian
kim55@pham.com;+KrJakjTQ8;Sara;librarian
kanderson@yahoo.com;834EirMb#7;Jeff;librarian
kfrye@chapman.net;Fs6IscVo@#;Danny;reader
marshalljoseph@newman.com;79eOQUga*K;Donna;librarian
kristina53@hotmail.com;J%$0NCWj2m;Molly;admin
adam25@mitchell.info;_S8WXepP%H;James;admin
zturner@yahoo.com;kF+8OtZ%fq;Melissa;admin
chad17@leon-reed.com;!5AV+Pbxrt;Dustin;librarian
mary22@walters.com;U1QY6hjz^h;Robert;librarian
qjacobs@rangel.info;p&6ZZEvy)9;Mary;librarian
bakeralan@hamilton-ortiz.com;j!7OtE3lG!;Anna;reader
david26@koch.com;C9zr6RiZ#l;James;reader
donald42@marshall.net;_+2HJkaWMS;Marcus;admin
heather93@mullins.com;&3%HwbqqlZ;Gregory;reader
andrew82@gmail.com;*1CZWmtFMK;Shane;librarian
hernandezrenee@yahoo.com;^+7i1H)qEx;Ellen;admin
mitchelltracy@guerrero.info;C@6MAGCv4c;Tammy;librarian
lbrown@hotmail.com;#zqoRgZRx2;Alison;librarian
garciarodney@ramsey.com;6dgBwkQ*%c;Zachary;admin
martinezerin@lucas-ayers.com;fWN5Y8Mf&h;Shannon;reader
brian27@gmail.com;73(QuPr@@p;Teresa;admin
hilljessica@horne.com;$(n1RXefMx;Michael;librarian
russell57@yahoo.com;^4Iskcw0Jm;Kaitlin;librarian
williamsivan@campbell-johnson.com;0!15DsEoR$;Natalie;librarian
yanderson@yahoo.com;i^6Krlj$fg;Samantha;librarian
kjennings@hotmail.com;!0l_+nbxST;Mitchell;reader
buchanankelly@hernandez-anderson.org;_kIy)OgJk8;Joseph;librarian
brittanylozano@grimes.org;G&8LlGQ5wX;Teresa;admin
tsalinas@james-lewis.biz;&T3B^hvnZU;David;librarian
harrismichelle@ponce.com;^8Vxtovnu&;Kim;reader
maryphillips@gmail.com;!2+o_5Bb*n;Samantha;reader
anthony90@bean-waller.com;Ui2XigorO!;Tiffany;reader
jmendez@osborne.com;&#GU0DfBI8;Daniel;admin
lindabeltran@hotmail.com;$vY*rKvqT1;Monica;librarian
hdunn@gmail.com;EkB8NVfZl+;Carrie;librarian
teresa07@hernandez.info;d8t0JY1g)#;Aaron;reader
gilbertmichael@hotmail.com;j5E$dvMu(j;Brenda;admin
lowerichard@hotmail.com;!!eJ+LqeR1;Joseph;reader
julia22@hotmail.com;Qhy7Oqo0s&;Jesse;librarian
vickiehall@weiss-giles.net;kP+$0Cwc(6;Katherine;reader
timothy01@jones.com;_3BaBI5Di3;Veronica;librarian
emma84@jones.info;6X3EKlCqG_;Steven;admin
chad97@gmail.com;7@G9Yoaqg);Christina;librarian
jillsmith@allison.net;_3zZK$m7$C;Theresa;librarian
stantonjeremy@simmons.biz;+dx_PAvEc2;Bradley;admin
ssmith@yahoo.com;^&31SC)e!j;Mathew;librarian
fuentesnathan@gmail.com;BpYRXEWx&5;Natalie;reader
craig76@gmail.com;^z7w!o2%Q2;Heather;librarian
dickersontimothy@hotmail.com;$Cg__vRg6d;Nicholas;reader
brandysaunders@ross.com;EJr4GEcvx%;Ryan;librarian
angela42@martinez.com;BbFBy8XJ_3;Timothy;admin
megansmith@yahoo.com;99TNFhms@K;Joshua;librarian
sarahjohnson@hotmail.com;nAKnEYHx@5;Sarah;reader
mathew91@yahoo.com;373Mtlh+^5;Michael;librarian
charleskaiser@powers.com;R#WB8N(z#M;David;librarian
kimfitzgerald@yahoo.com;Vyc71TFw)#;Cathy;reader
thomas41@lopez-perry.org;+1C_NCG5@f;Michelle;reader
baileysteven@hart-combs.com;c#&3wUj%av;Charles;reader
anthonyparker@gmail.com;&krO41uua6;Aaron;librarian
mgonzalez@gmail.com;%*6UZsNbuk;Wendy;admin
bmoore@bailey.com;o2YSexxW%6;Andrew;admin
brownsean@yahoo.com;_63Ulg40Qc;Tyrone;librarian
wilsonmark@yahoo.com;ty4F6Q4l^g;Vanessa;librarian
eric70@foster-terry.info;Wj&X9QBa_0;Cynthia;admin
ryanwalker@gmail.com;71#A8Lzas&;Connie;reader
mosesryan@yahoo.com;cGYk6N*e!c;Kyle;admin
tyler95@higgins.net;a@0%gJv*&&;Emily;reader
shannonrodriguez@rocha.org;^9CM%@_o!v;Sharon;reader
whitejason@long-webster.biz;T58TSt2Y%C;David;admin
scrawford@gmail.com;R!C9Noce^#;Julie;reader
sharon62@yahoo.com;g%&m3mTyAu;Anita;librarian
markward@hotmail.com;d(D2hNu+5j;Nicole;admin
terridudley@barber.biz;)f52M(zu1l;Matthew;admin
ymartinez@miller.com;8_9ubkVm+^;Yvette;admin
sharptaylor@perry.biz;Gq@D2tYm(y;Victor;admin
joconnor@hotmail.com;zIiZ2P_t$G;Erik;librarian
alyssabriggs@hotmail.com;%e7A1dWcV(;Deborah;reader
gferguson@hotmail.com;&Fj1PkECo8;Donald;reader
eparks@gmail.com;AYSRvMg%@3;Dustin;librarian
brandonperry@page-thomas.org;n))6BL&pJh;Nancy;librarian
tylerwilson@yahoo.com;WA3s%0ers);Craig;admin
weberjulie@nelson-brown.info;5)6sTNnl(s;Denise;admin
danielsbetty@yahoo.com;frU0EqL_@e;Bianca;admin
hannah80@holt-mendez.com;(l4Bbh1ckG;Susan;librarian
clarktina@gmail.com;b*0lAfXafc;Victoria;librarian
millertammy@douglas.com;^7YHSdl(&Q;Brooke;admin
stewarttimothy@skinner.com;#2GsqK#ie*;Brendan;admin
zsampson@lang.com;mm0SCLLXV_;Jason;admin
morahenry@yahoo.com;)*Vo^B7Du1;Sandra;librarian
iperkins@gmail.com;071K(0Fn(l;Steven;librarian
jessicamoore@thompson.biz;v)8cYQf3D);Sara;librarian
michele63@bishop.org;ORG#63Trwg;Thomas;admin
patricia09@knox.com;$I8Gefvag4;Jacob;admin
griffinvictor@yahoo.com;#24fpjCv&R;Brenda;reader
brennanmarissa@gmail.com;@!34rzWaNd;Karen;admin
jeansanchez@trevino.com;D7rU164r&8;Christine;reader
bethanysalas@gmail.com;R1BcHds*+M;Jose;reader
franksummers@jenkins-welch.com;25!iRGir(L;Daniel;reader
aaron07@lee.info;)v^9LQp*(D;Jessica;admin
umoreno@hotmail.com;H4gAT97e#t;Melissa;admin
timothycraig@yahoo.com;w)y63HhrBv;James;librarian
beckerjames@garcia.com;^kVaf0Xhk2;Taylor;reader
ctodd@yahoo.com;i^AA81rWIY;Susan;admin
william36@cruz.com;CE1Yn#nf7_;Jeffrey;reader
jeffrey15@harrington.com;(mgTX$boZ7;Brian;reader
thompsonjennifer@hotmail.com;%q7q)YTn0S;Edward;librarian
steven58@townsend.info;#1ntAm$xkY;Amy;reader
annayork@yahoo.com;$^IU90Lpe8;Bryan;reader
richardbender@johnson.com;KA&6Mi_NHt;Eric;admin
jeffreydoyle@hotmail.com;x)zTJ8WiXv;William;admin
clarkrobin@gmail.com;!16lCRGrRp;Christopher;librarian
katherine17@hotmail.com;6&5UJ7yd0%;Hannah;librarian
ggilbert@hotmail.com;5OI!c!y$@8;Michael;librarian
danieldavies@castaneda-johnson.com;j!R4AiCzy);Natalie;librarian
medinacarol@gmail.com;uQ15+ToLN@;Zachary;reader
amandaproctor@hotmail.com;ei7XClcP3^;Craig;reader
craiggutierrez@mitchell-barber.com;#%_1MAqMov;Becky;reader
charris@yahoo.com;w5gwaMxt@o;Thomas;librarian
dyork@phillips.com;b(s9zJAhD6;Jessica;reader
michelle38@yahoo.com;canuXMvm@4;Molly;librarian
kevingraham@davidson-jones.com;MN9lSuzg%*;Christine;librarian
williamsjonathan@yahoo.com;%V3VldqR$y;Steve;librarian
angel06@gmail.com;(eLAqr!g@8;Anthony;admin
burnsevelyn@miller.net;f#R1YWtjX_;Scott;reader
wendyhudson@yahoo.com;dUfN7RfP+&;Shannon;admin
rayannette@hotmail.com;%muxYHtem2;Emily;reader
nflores@hotmail.com;GPo9IHQbe%;Heather;admin
savery@yahoo.com;ckGTnldn+4;Laura;admin
lisa54@harrison-gomez.com;P%9ECOhmd1;Brian;librarian
jamesdiaz@butler.com;_8QOTPxpfW;Stacy;librarian
iball@morrison.net;R0GVh7so%^;Julie;admin
jackie03@rich-king.com;!!6Lyeq09b;Laura;reader
erosales@hotmail.com;4yZmJLNf!m;Kevin;reader
perezamy@hinton.net;s@1Ca3L5Tp;Joseph;librarian
barreravictoria@hotmail.com;Xo_i0R$Zp^;Valerie;admin
bcalderon@hotmail.com;&(UCvdc17C;Jocelyn;admin
jacobdunn@crane.org;_GTZ+h&sm0;Christina;librarian
erinwilkerson@gmail.com;m)46Jx2GEW;Brandon;admin
nancyharmon@payne.org;iI5ObTmu_A;Christine;reader
jordan19@yahoo.com;!5jNp!zn$P;John;admin
scott96@gmail.com;)&7MTzyL+D;Maxwell;librarian
bushsabrina@hubbard.com;%7JGU)7zJa;Brian;librarian
blakemcclure@gmail.com;)F_0QeId4_;Monica;reader
bhines@orozco.com;Aeb18DKc+i;Brandi;librarian
ramosmichelle@hotmail.com;UV_Pnm0k$5;David;admin
obrienrichard@robbins.com;+5@APJWz@Y;Brett;admin
brianna46@yahoo.com;*4(%GXdt54;Ronnie;librarian
melissaberger@floyd-thomas.info;x!z7HGn*Qf;Damon;reader
wgibson@thomas-brown.net;7cX0J6Wsm_;Lisa;admin
timothy45@lopez.biz;3L4YDcyV+g;Mary;admin
albert54@yahoo.com;&5dWpnKt8k;Sarah;admin
raymondmosley@yahoo.com;R^q677Hzq5;Sarah;admin
nicholastanner@hudson.com;x&r6OU+q_u;Michelle;admin
randyreeves@hotmail.com;8)I&og4k$K;Chelsea;librarian
dana42@gardner-hurst.com;1NucEkx^@i;Kara;reader
tara39@gmail.com;%C8Y@m70(W;Brian;admin
omoore@holmes.com;&GLtko5K61;Michael;librarian
dwatts@gmail.com;)J8S%iYfVS;John;reader
donaldclark@hotmail.com;j2deaWvc+q;Deborah;librarian
christopher49@smith-thompson.com;t4Xi9!Mr#R;Paula;reader
wadejustin@gmail.com;@XbI(s5zA3;Gregory;admin
james48@hotmail.com;&9VoJ%@ENH;Elizabeth;librarian
jchen@shields-garcia.com;$6fvFrO+pJ;Kim;admin
gfuller@yahoo.com;J0nXOe3^)b;Jack;admin
rrobinson@hotmail.com;H4TYlfaG^X;Miranda;admin
wilsonmichelle@bradshaw-baldwin.org;)9PCt9UuQ2;James;librarian
jamesbuckley@charles-jackson.info;D9BLLz5N#5;Jennifer;admin
qharris@smith.com;yD&_2AvfYJ;Debbie;reader
andrewflores@yahoo.com;+LYopL#X7N;Taylor;admin
erinjohnson@davis.com;of6dbKhpY^;Elijah;reader
kbullock@hancock.info;AOfu9ANd@9;Christopher;reader
xjones@reid.com;+Z4D#((rk@;Bradley;librarian
lwalls@gmail.com;Sr4YGT4E2@;Thomas;librarian
johntucker@gmail.com;+X14K4rAAr;Kayla;admin
bryanhoffman@dean-blackwell.com;LY53mIeWf);Sherri;reader
nicolegray@crawford-chan.org;#ii8YcNnD%;Kathleen;librarian
kenneth97@lee-bullock.com;^0XO!6jW(*;Sara;librarian
jperez@hotmail.com;IxA4UBB!w!;Stephanie;reader
cabreramichael@trevino.info;jrBO&ksW#6;Austin;librarian
mistybarr@brown-murphy.com;!1O!vLRbsr;Dennis;librarian
charles62@gmail.com;x0ZmZW4f*9;Emily;admin
carterjeffrey@mcbride.com;L0RmGUT$$6;Daniel;reader
rebecca89@yahoo.com;Ke4Du0ymT&;Danielle;reader
melissacastaneda@hotmail.com;&z&G+H(6w4;Daniel;admin
markmcdonald@santiago-liu.com;xRZQ*zRb!7;Joseph;admin
rrosales@yahoo.com;U!O6)Ujo(v;Angel;admin
james78@hotmail.com;cf8+QDhZY);Lauren;admin
jennifer12@cooley.com;ae2MU6ra%$;Stephanie;librarian
kevin59@jackson.com;!#47GbwtPU;Heidi;reader
laura93@yahoo.com;lZ#MDr9H_7;Cynthia;reader
jennifer91@white-tran.com;@70Qm$UW%u;Jaclyn;librarian
teresa61@hotmail.com;2+m2sPgk)K;Ashley;librarian
jennifer78@gmail.com;8aAGf_dk$8;Cory;reader
nanderson@rodriguez.info;1L#25XazWl;Samantha;reader
jamie53@yahoo.com;&yJVL$VMw9;Bradley;admin
jbond@yahoo.com;pv$MVeec+8;Jennifer;librarian
erika52@gmail.com;g17UL3jc^D;Craig;admin
michael32@nelson.com;$KZSnR9MQ1;Heather;librarian
christopherowens@chen-davenport.net;T54zVHaD@b;Brenda;librarian
lgomez@yahoo.com;3(9w8Cnz6!;Brandon;librarian
stephanie14@hood.info;&cEUxQxmC6;Philip;admin
kathrynrobinson@gmail.com;A3p7XvyE_t;Katherine;librarian
srivera@hotmail.com;eUG4!Okm2%;Aaron;admin
brittanyzavala@brown.org;s*V4Sw_c#);Kevin;reader
ronald22@hotmail.com;kgiC@5Ww8T;David;admin
stacykelly@watkins.com;n0%NdvmS_5;James;admin
kerrcarrie@casey.com;Uw!3xxNb^J;Cynthia;librarian
ray36@allison-franklin.biz;&EWgFuwaT1;Lisa;librarian
alexander04@davis-lewis.com;LXqUgBk5_4;Emily;reader
andreaking@gmail.com;CX%4Gixp(@;Lisa;admin
mcguirealfred@king-dawson.com;*@zguDnM_4;Molly;librarian
zmeyer@lewis.info;%36nCHbM_9;Jeremiah;reader
brittanymoran@brown.info;!TyJgpYhw0;Jeremy;reader
hollowayapril@brady.com;8KEsio#C@d;Taylor;librarian
andrew60@alexander-smith.com;W)5Tr0NzfW;Jared;librarian
lmichael@hotmail.com;&4TegXHyoD;Natalie;admin
autumn73@gmail.com;%#@fi5Jx&#;Justin;librarian
willisjonathan@gmail.com;TaG6VNCq^0;Mark;admin
wilsonchristopher@yahoo.com;0tT@d1ZaC6;Henry;admin
wgarcia@yahoo.com;@kAVTRYgl0;Sharon;librarian
jennyarmstrong@hotmail.com;KvSG!rM06$;Randall;admin
rhonda68@hotmail.com;KyQ7AfX!+&;Anthony;librarian
wschroeder@hotmail.com;b&K1^4YhcQ;Terri;reader
bennettolivia@jones.com;!8BSG$4Erl;Kristina;reader
meghancole@hotmail.com;&6vtyC^aNi;Scott;admin
joyjames@yahoo.com;(2L3rOHdt5;Danielle;admin
colleen32@daugherty.net;9@3J$ZD#Wm;Taylor;librarian
alexandrabrewer@yahoo.com;t29Km&cwu%;Alex;reader
wendy27@flores.com;L4Fy_Yr@#g;Shawn;reader
alanstokes@oconnell.biz;A6IPP@jc(d;Ashley;reader
michaelgonzales@hotmail.com;*VMo2mkyF2;Evan;reader
gregorywilson@lam.com;*7a^BSpEFA;Darren;admin
jeromemorales@yahoo.com;&3emB^JuJu;Joel;reader
sharonhenry@gmail.com;+np!FpVz!6;Sandra;librarian
danielpope@gmail.com;LL)2T_XhA$;Michael;admin
justin13@gmail.com;_wegpB8a22;John;reader
daniel38@hotmail.com;*qMf9KVTa6;Mark;admin
igaines@hester-clements.info;xR5LH_ys)%;Kayla;reader
lisa98@garcia.org;*lpjlcLyo5;Michael;admin
jameslong@alvarado.com;itBK+6QslJ;Nicole;admin
teresa22@hotmail.com;P$&%5Pnf@E;Tony;admin
stephen90@hotmail.com;%Y4QRHpE+p;Kevin;admin
shelby21@yahoo.com;G4!6bMy)*&;Jeremy;admin
gduncan@yahoo.com;@iW6ma&a0X;Russell;reader
brownkaren@hotmail.com;i9J00QwQ&6;Carly;reader
johnsonjuan@johnson.org;OhQvREh!@4;Amanda;reader
mathewskelly@hotmail.com;$9M1w9Nu5A;Stacy;admin
cassidydavis@clark.com;#Wk3NiS*0X;Michael;admin
brandon11@hotmail.com;)3UpHqhb)W;Cory;librarian
williamsashley@hotmail.com;&1Gb5VRo#4;Bryan;librarian
johnthomas@torres.info;fu2dQuE_%H;Rachel;librarian
stephaniechurch@perry.com;*0z^LDgs11;James;admin
sherry48@hotmail.com;SoAl9a1E#2;Timothy;reader
savannah57@hotmail.com;M_NR0XHe#1;Angela;librarian
zhunt@yahoo.com;(@j5P_!ap7;David;librarian
millersteven@ferguson.biz;#0VOeyRfrV;Jennifer;reader
harveyjanet@carr-foster.com;Bn8Ijq%N@F;Kenneth;librarian
erica44@waters.com;^6040VYcpN;Miguel;librarian
katherineberry@hotmail.com;K%!7T7WbeF;Jack;admin
samanthanelson@shepherd-kim.com;v7_R@qMb$n;Paul;reader
stephen45@yahoo.com;Wz4oY5Jp#^;Tracy;reader
melindasolis@yahoo.com;%x79SQ3dN2;Shannon;admin
joshua03@yahoo.com;^XQ*Nr9n3W;Courtney;librarian
allison48@yahoo.com;8&9YWcuF(G;Benjamin;admin
samantharobinson@williams.com;*3DE!y#xGj;Alyssa;librarian
sandracervantes@boyle.com;5!WtKg6w(b;Colleen;reader
jasonmartinez@hotmail.com;f^2%*Gd3yw;Thomas;reader
richardcummings@morgan.com;lg_0R9Eyrp;Andrea;admin
parkjessica@yahoo.com;@8Yfw!4sEu;Joseph;admin
jordancynthia@hotmail.com;o)6$YxGcBv;Nicole;admin
karen56@hotmail.com;$hOxGNsOb3;Melissa;librarian
crystal76@yahoo.com;$5EYy8)w+8;Sarah;admin
copelandjessica@gmail.com;u#J8_8UawJ;Eric;admin
laura17@gray.info;dst*HdWr%4;James;admin
dbates@ponce.biz;h7(q9I_en$;Sarah;reader
singhjacqueline@garcia-christensen.com;ZS@8aR6aCs;Susan;librarian
rachelarroyo@williams-parker.com;U^r9JSmCEF;Brittany;librarian
richard85@galloway.biz;*wY1Ept0Mw;Michele;reader
linjennifer@jones-tanner.com;xC700Di7_b;Jeffery;reader
joseph59@garcia-reed.com;8(3Dre%O@b;James;reader
gcampbell@hotmail.com;u4NrCBqT!O;Joseph;reader
paul06@gmail.com;SI2MFzqA%T;Patrick;reader
mclay@hopkins.com;5j8Cm@qMB^;Caitlin;reader
elin@hotmail.com;Ce1)7IoUCe;Justin;reader
seangomez@chapman-lozano.com;z4MB7Nuk@a;Sean;librarian
iharris@gmail.com;&62lVqyzH);Kyle;reader
william87@hotmail.com;83V93A(1^v;Chris;reader
ryanjohnson@gray.com;p2&2Kg+U70;Tyler;librarian
carneyjessica@goodwin.info;J0&5Vc)gk@;Melinda;reader
jonesbrooke@yahoo.com;DXTJcwX%@0;Andrew;admin
nicholas53@yahoo.com;@zWCgu)Lf4;Paul;admin
daniel45@yahoo.com;KA4WZIzp!u;Sarah;librarian
ramireznicholas@yahoo.com;vs$5iX!dA(;John;reader
ricardo43@gmail.com;(VPtYCLn%5;Allison;admin
hernandezbryan@hotmail.com;VS&4lmMbe0;Angel;librarian
antonio60@hotmail.com;14@9SVsKtL;Veronica;admin
nthompson@yahoo.com;&_KkvEow0G;Cynthia;reader
mendozaelizabeth@gmail.com;*EyvUVnxj4;Micheal;librarian
mullinsjacob@yahoo.com;$7fHpkvH2p;Ryan;admin
sbyrd@payne-dickerson.com;^O$08Oh+%_;Carlos;librarian
joshuachandler@gmail.com;yV6KxoMx&G;Mark;librarian
greeneshannon@anderson.biz;@&s8Wf3f&9;Christopher;librarian
keith63@clark.info;@7X+6ExWqj;Charles;librarian
stonetyrone@simon.com;^KVHqdxH)2;John;reader
sarahjordan@gmail.com;L!4JH&qpX);Daniel;reader
samuel02@flores.info;&8Sx1%Kevh;Beverly;reader
ojones@yahoo.com;S9WX0krO!Y;Steven;admin
russell46@matthews.com;7QDDnp56_K;Kurt;admin
petersoncody@hall.com;@CLyiid*a3;Nicholas;reader
hicksamanda@potter-young.com;z0RM1mB6!k;Valerie;reader
christina96@gmail.com;9c#dPGMa^Q;Ryan;librarian
stephennovak@davis.org;+2rUPux*5A;Scott;librarian
valerie11@gmail.com;&34#kW8qP5;Luke;reader
kyle68@yahoo.com;#&mmj8L6Mp;Mark;reader
lopezjenna@hotmail.com;%4d2pYpzp#;Jason;admin
greenmichael@clements.biz;s9SRwycx%H;Sharon;reader
valenzuelaclayton@bowman-schneider.com;n@Cf6Ejv0k;John;reader
jacksonchristopher@yahoo.com;@2Mp6C5aHK;Susan;librarian
josephdoyle@carter-cox.com;vz*2Qwu4@f;Andrew;reader
sharon26@yahoo.com;^0EGbt9#&i;Melinda;admin
thomas85@mcintyre-cisneros.com;we^6#*Mr$+;Rebecca;admin
ashley76@gmail.com;7aP%Bdpy+7;Joel;librarian
armstrongandrea@hotmail.com;j1H3XGil@u;Dana;reader
kathleen76@gmail.com;+e(GtUusa0;Meghan;reader
mjones@gmail.com;oezREmUD@0;Ricky;librarian
steven43@pierce.org;K23Kxd@F*F;Sara;reader
kelseymcgrath@villa-benjamin.com;F6fRUq*y_u;Samuel;librarian
pmartin@yahoo.com;8ZQRdEty(j;Jon;admin
vanessa99@gmail.com;0fk&iYJj)s;Dana;admin
joannbrown@hotmail.com;jQ6fFzAgk^;Matthew;admin
laura70@yahoo.com;!1VSis#g^r;Joanne;reader
gutierrezantonio@gmail.com;1Co8Mp)kp#;Jessica;reader
barbarawilliams@rivera-lee.info;n^76(Z&jLV;Heather;reader
christophermartinez@ramirez-fletcher.com;&+NQyz_O_9;Jesse;reader
jonathan83@villarreal.net;@pLSt!zE)2;Vanessa;reader
ray34@jones-ward.com;)x8hEFcz4w;Michael;librarian
cyates@hotmail.com;#vH5%ZEEO0;Joseph;admin
amandacook@gmail.com;TU^26FjTN1;Mark;reader
nicolelee@hotmail.com;#i2YAe8g60;Ryan;admin
frank30@hill.com;^U1SGuiv_Q;Karen;librarian
amanda52@gmail.com;kI%ZRsW0#5;Erika;reader
ovasquez@fletcher.biz;$B7R2AuyE(;Anthony;reader
sgraham@choi-butler.com;@uJG%l!O(6;Zachary;librarian
karentaylor@hotmail.com;^s30IBl!H!;Jeremy;reader
ashleyho@gregory.com;**hPoAuT4*;Tom;librarian
ginasuarez@campbell-oconnell.com;_(gPy0n^1_;Steve;librarian
ashleygrant@cox.com;+@Y(!c7j9n;Chloe;admin
xflores@gmail.com;#NjFPecl8O;Bethany;reader
turnersydney@gmail.com;!c#4ECq7ss;William;admin
davidedwards@gmail.com;ltN+2MhCOA;Andrew;librarian
xcollins@gmail.com;igZnNnki+2;Johnathan;reader
whitebradley@gmail.com;^#w1EEaA!L;Mike;reader
hansennicole@clark-collins.com;nnBWBpAh$5;Joseph;librarian
zjackson@howard.biz;&2YcDHua&O;Natasha;librarian
oruiz@edwards.com;o_7yS6s5^B;Heather;admin
david92@white.com;wv0I*Smg@G;Gabrielle;reader
rcantu@walker.com;h1pXUSBE&n;Jackie;librarian
pricechristian@hopkins.com;kLqn1B3q!g;George;librarian
michelebanks@galloway.info;3^3XVlMb!A;Todd;reader
srichardson@hotmail.com;+J0(^dAuri;Crystal;reader
joshuaperez@yahoo.com;!H&Y1CVz%$;Kathy;reader
jnorman@middleton.info;N+*8^Xy&%^;Cody;reader
marco20@gmail.com;p%(^9ZCyD+;Emily;admin
sherring@yahoo.com;%1WD1tX)r&;Peter;reader
ellenjohnson@lamb.com;^sPlvWQp)6;Anna;admin
omorales@yahoo.com;**27ZS31Ua;Alexa;admin
richard71@yahoo.com;98@Nf2#K!i;Joseph;librarian
