ln1000;72551 milo fritz avenue
ln1000;3600 denali street
ln1000;101 first street
ln1000;420 chief eddie hoffman highway
ln1000;3140 south big lake road
ln1000;1 school road
ln1000;43318 spruce way
ln1000;10 baranov road
ln1000;mile .8 bean creek road
ln1000;622 first street
ln1000;504 third street
ln1000;59 main street
ln1000;2291 deborah street
ln1000;306 d street west
ln1000;4th & amundsen
ln1000;1215 cowles street
ln1000;299 antoski road
ln1000;mile 186 glenn highway
ln1000;14 gustavus road
ln1000;111 third avenue south
ln1000;400 suntrana street
ln1000;no. 1 hollis chilkat road
ln1000;500 hazel avenue
ln1000;18487 a avenue
ln1000;292 marine way
ln1000;58231 sterling highway
ln1000;163 main street loop
ln1000;1110 copper ridge lane
ln1000;612 egan way
ln1000;604 third street
ln1000;249 f street
ln1000;4th & milton street
ln1000;101 main street
ln1000;106 east second street
ln1000;15850 sterling highway
ln1000;223 front street
ln1000;496 northway road
ln1000;655 south valley way
ln1000;166 salmon way
ln1000;14 south second street
ln1000;207 spruce drive
ln1000;930 tolstoi boulevard
ln1000;260 seldovia street
ln1000;239 6th avenue
ln1000;320 harbor drive
ln1000;769 state street
ln1000;235 north binkley st.
ln1000;11301 north chickaloon way
ln1000;23151 south talkeetna spur road
ln1000;89 front street
ln1000;707 west tenakee avenue
ln1000;mile 1314 alaska highway
ln1000;212 fairbanks drive
ln1000;391 north main street
ln1000;23557 west willow community center
ln1000;124 second street
ln1000;1 kilbuck road
ln1000;mile 5 edgerton highway
ln1000;3rd and birch street
ln1000;1 phillip street
ln1000;5421 north star street
ln1000;1 main street
ln1000;366 garteeni highway
ln1000;38100 depot road
ln1000;9127 main street
ln1000;123 red cove road
ln1000;289 airport road
ln1000;8901 east devonshire drive
ln1000;210 main street
ln1000;216 third street
ln1000;no. 1 elementary school road
ln1000;64 eleanor drive
ln1000;270 riverfront drive
ln1000;50 main street
ln1000;101 pine street
ln1000;100 white spruce trail
ln1000;david louis school building
ln1000;123 front street
ln1000;1 airport way
ln1000;108 nw denali alley
ln1000;120 freeman drive
ln1000;beach road lot 3 block 14
ln1000;2 main street
ln1000;103 main street
ln1000;315 mission street
ln1000;98 18th street east
ln1000;6788 county road 41
ln1000;637 blake drive
ln1000;913 20th street
ln1000;98 east 18th street
ln1000;416 state street
ln1000;935 coleman street
ln1000;736 college street
ln1000;11 2nd avenue north
ln1000;314 north broadway avenue
ln1000;310 mary street
ln1000;124 ninth avenue sw
ln1000;49 complex drive
ln1000;60119 highway 49
ln1000;541 ross street
ln1000;110 east 6th street
ln1000;202 south street east
ln1000;301 kirkland street
ln1000;30 west main street
ln1000;17 park street
ln1000;164 south main street
ln1000;416 james street
ln1000;17 school street
ln1000;1951 main street
ln1000;1318 hinton waters avenue
ln1000;209 oates drive
ln1000;45 north midway street
ln1000;500 east walnut street
ln1000;103 north prairie street
ln1000;212 south three notch street
ln1000;10 mlk drive
ln1000;406 simmons street
ln1000;312 south commerce street
ln1000;101 east grubbs street
ln1000;1214 fourth street
ln1000;101 east fulton street
ln1000;148 east third street
ln1000;1604 north main street
ln1000;200 north johnson street
ln1000;134 south dalton avenue
ln1000;207 north west street
ln1000;318 church street
ln1000;205 north west street
ln1000;36 weogufka street
ln1000;749 east thach avenue
ln1000;200 south 6th street
ln1000;3650 grandview road
ln1000;9688 us hwy 231
ln1000;99 freeman avenue
ln1000;212 south main street
ln1000;350 north wood avenue
ln1000;511 north main street
ln1000;8740 main street
ln1000;1918 east avalon avenue
ln1000;74 bank street
ln1000;316 north montgomery avenue
ln1000;185 ashwood drive
ln1000;350 bexar avenue west
ln1000;17885 highway 96
ln1000;8115 u.s. highway 43
ln1000;920 black street
ln1000;110 east lawrence street
ln1000;514 elm street
ln1000;110 first avenue west
ln1000;307 4th avenue south
ln1000;185 ashwood drive
ln1000;405 east south street
ln1000;504 cherry street ne
ln1000;152 sparkman street nw
ln1000;401 college street
ln1000;22251 palmer street
ln1000;2607 u.s. highway 98
ln1000;501 fairhope avenue
ln1000;319 east laurel avenue
ln1000;205 west second street
ln1000;1001 east loxley avenue
ln1000;21967 sixth street
ln1000;18301 pennsylvania street
ln1000;221 west 19th avenue
ln1000;4825 main street
ln1000;400 19th street n
ln1000;50 oak street
ln1000;4615 gary avenue
ln1000;500 byrd lane
ln1000;995 mt. olive road
ln1000;315 south main street
ln1000;1721 oxmoor road
ln1000;200 municipal drive
ln1000;1372 hueytown road
ln1000;105 south 20th street
ln1000;8104 parkway drive
ln1000;400 breland drive
ln1000;501 park road
ln1000;1143 ford avenue
ln1000;201 parkway drive
ln1000;1221 montgomery highway
ln1000;101 first street
ln1000;2100 park place
ln1000;504 grand avenue nw
ln1000;151 main street
ln1000;13543 alabama highway 227
ln1000;941 east main street
ln1000;700 east church street
ln1000;700 e. church street
ln1000;206 west jackson street
ln1000;436 houston street
ln1000;254 college street
ln1000;604 north 4th street
ln1000;3702 rainbow drive
ln1000;211 e. washington street
ln1000;210 north shiloh street
ln1000;600 college street suite 100
ln1000;325 2nd street nw
ln1000;404 thomas ave.
ln1000;1240 o'brig avenue
ln1000;200 jackson street
ln1000;50 lester street
ln1000;100 9th street n.w.
ln1000;9700 highway 25
ln1000;50 lester street
ln1000;230 tucker road
ln1000;42860 highway 25
ln1000;277 park drive
ln1000;3160 pelham parkway
ln1000;9905 north main street
ln1000;5521 cahaba valley road
ln1000;416 third avenue ne
ln1000;225 commerce avenue
ln1000;287 main street south
ln1000;302 first street south
ln1000;139 5th avenue
ln1000;196 sixth avenue
ln1000;1515 bookmark lane
ln1000;200 alabama street
ln1000;1923 1st avenue north
ln1000;602 2nd avenue
ln1000;206 monroe st.
ln1000;108 east 10th street
ln1000;200 pelham road south
ln1000;106 north main street
ln1000;207 first avenue south
ln1000;445 north oates street
ln1000;65 chestnut street
ln1000;118 church street
ln1000;20 library street
ln1000;100 first avenue
ln1000;124 north academy avenue
ln1000;7855 state street
ln1000;108 dubose avenue
ln1000;915 monroe street
ln1000;420 prairie avenue
ln1000;309 fort dale street
ln1000;1103 main street
ln1000;224 grant street
ln1000;213 college avenue
ln1000;202 washington street
ln1000;26 venson street
ln1000;12747 padgett switch road
ln1000;1002 south broad street
ln1000;221 second street south
ln1000;1401 mosley drive
ln1000;302 south main street
ln1000;279 market street
ln1000;108 water street
ln1000;300 west lovejoy loop
ln1000;14102 st. stephens avenue
ln1000;119 cemetery avenue
ln1000;701 government street
ln1000;245 high street
ln1000;640 freedom road
ln1000;102 west main street
ln1000;325 j. c. mauldin highway
ln1000;11075 highway 101
ln1000;254 doster street
ln1000;326 temple avenue north
ln1000;1501 17th avenue
ln1000;1103 selma avenue
ln1000;1801 jack warner parkway
ln1000;100 broad street
ln1000;121 pineville road
ln1000;200 clark street ne
ln1000;3419 20th avenue
ln1000;3310 alfords bend road
ln1000;26 providence road
ln1000;215 b tuskeena street
ln1000;11309 alabama highway 75 unit 1
ln1000;217 north eufaula avenue
ln1000;5379 main street
ln1000;308 donnell boulevard
ln1000;215 college street
ln1000;4549 highway 55 east
ln1000;8075 al hwy 227
ln1000;5151 walnut grove road
ln1000;26267 canal road
ln1000;5466 old highway 43
ln1000;7 north 1st avenue
ln1000;6496 u.s. highway 11
ln1000;401 alabama avenue
ln1000;62 walter owens drive
ln1000;215 nw 2nd street
ln1000;7803 alabama highway 77
ln1000;192 broad street
ln1000;41 weldon drive
ln1000;23 main street
ln1000;24 south pollard street
ln1000;202 west broadway street
ln1000;7257 old springville road
ln1000;50 main street
ln1000;610 martin luther king drive
ln1000;82 railroad street
ln1000;2138 highway 77
ln1000;78 hillview street
ln1000;4410 main street
ln1000;101 west main street
ln1000;12440 magnolia avenue ste 600
ln1000;15971 main street
ln1000;2100 park place
ln1000;211 e washington street
ln1000;155 reform street
ln1000;17163 alabama 75
ln1000;19180 shepard lake road east
ln1000;103 faye drive
ln1000;1310 church street
ln1000;321 presbyterian church road
ln1000;100 rock street
ln1000;1080 west clydesdale drive
ln1000;308 old main
ln1000;210 2nd st.
ln1000;202 east third street
ln1000;1427 malvern avenue
ln1000;368 e. main street
ln1000;200 e. 8th avenue
ln1000;315 west oak avenue
ln1000;2057 north jackson
ln1000;3201 rogers avenue
ln1000;501 north front street
ln1000;120 north 12th street
ln1000;107 east jackson ave.
ln1000;702 porter st
ln1000;2801 orange street
ln1000;1900 tyler street
ln1000;113 east pleasure avenue
ln1000;200 east 5th street
ln1000;116 east 3rd street
ln1000;18 n. adair street
ln1000;410 e. merriman ave. e
ln1000;213 north avalon street
ln1000;211 east lincoln street
ln1000;213 walnut street
ln1000;600 west third st.
ln1000;101 west church street
ln1000;115 west walnut street
ln1000;421 south washington street
ln1000;405 s. main street
ln1000;300 library hill
ln1000;200 north 5th street
ln1000;204 east 2nd street
ln1000;2002 s. buerkle street
ln1000;1200 west main
ln1000;11 dickens place
ln1000;1800 smithers drive
ln1000;711 s. dixieland rd.
ln1000;1409 main st.
ln1000;106 spring street
ln1000;221 west stephenson avenue
ln1000;201 s. stone
ln1000;609 caddo street
ln1000;219 e. third street
ln1000;145a whittington street
ln1000;239 garden oaks drive
ln1000;109 south 2nd st.
ln1000;401 w. mountain street
ln1000;161 east pickens
ln1000;407 charlotte street se
ln1000;202 east main street
ln1000;369 dave creek parkway
ln1000;500 s. elm street
ln1000;105 e. main
ln1000;121  n. main street
ln1000;401 west university street
ln1000;512 black street
ln1000;426 north main, suite 5
ln1000;30 south 2nd west
ln1000;100 clawson avenue
ln1000;588 turner avenue
ln1000;808 south 7th avenue
ln1000;1001 south navajo avenue
ln1000;2700 north central avenue suite 700
ln1000;11350 north civic center drive
ln1000;310 north 6th street
ln1000;22 south delaware street
ln1000;5959 west brown street
ln1000;64 east 1st street
ln1000;1221 north central avenue
ln1000;3839 north drinkwater boulevard
ln1000;3500 south rural road
ln1000;9555 west van buren street
ln1000;164 east apache street
ln1000;3269 north burbank street
ln1000;100 east walnut street
ln1000;92 west butte avenue
ln1000;101 north stone avenue
ln1000;518 north grand avenue
ln1000;346 duquesne avenue
ln1000;1971 commerce center circle suite d
ln1000;2951 south 21st drive
ln1000;122 north highway 75
ln1000;38443 north schoolhouse road
ln1000;8463 west monroe street
ln1000;12035 north club house square
ln1000;highway 264 post office loop road
ln1000;1400 east ash street
ln1000;26600 mohave road
ln1000;465 north plymouth avenue
ln1000;50 south 200 west
ln1000;121 west buffalo street
ln1000;300 south huachuca street
ln1000;6 main street
ln1000;560 east 10th street
ln1000;506 north gonzales boulevard
ln1000;2600 east tacoma street
ln1000;corner of 4th and toughnut street
ln1000;100 north curtis avenue
ln1000;1177 north idaho road
ln1000;449 north drylake street
ln1000;main street, tribal building
ln1000;14250 south avenue i
ln1000;1880 north longmore road
ln1000;339 south broad street
ln1000;219 east 5th street
ln1000;282 south adonis avenue
ln1000;328 north mclane road
ln1000;6124 north randall place
ln1000;89 san carlos avenue
ln1000;415 old highway 188
ln1000;124 south midway avenue
ln1000;160 west central avenue
ln1000;1000 north main street
ln1000;1000 south willow street
ln1000;912-a tilbury road
ln1000;125 north clark street
ln1000;41600 west smith enke road
ln1000;99 kellner avenue
ln1000;130 black bridge road
ln1000;1020 west palomino road
ln1000;39 north 9th street
ln1000;100 south 6th street
ln1000;600 clark street
ln1000;7401 east civic circle
ln1000;3250 white bear road
ln1000;215 east goodwin street
ln1000;403 park street
ln1000;1595 johnson drive
ln1000;181 north 9th street
ln1000;418 south 4th west
ln1000;420 west gilmore street
ln1000;130 north main street
ln1000;479 south lake powell boulevard
ln1000;113 south 1st street
ln1000;300 west aspen avenue
ln1000;346 plaza drive
ln1000;460 hualapai way
ln1000;1 north pipe springs road
ln1000;16708 north fort mcdowell road
ln1000;94 north church street
ln1000;1108 joshua avenue
ln1000;1605 plantation road
ln1000;7441 south camino cocoim
ln1000;530 east merritt street
ln1000;1 main street
ln1000;46521 west farrell road
ln1000;1125 c street
ln1000;1960 west walk lane
ln1000;2450 stevenson blvd.
ln1000;1550 oak st
ln1000;101 s. first st.
ln1000;270 laramie st.
ln1000;600 e. mariposa st.
ln1000;530 sutter st.
ln1000;500 w. broadway
ln1000;20 w. duarte road
ln1000;350 nevada st.
ln1000;729 n. dalton ave.
ln1000;2090 kittredge street
ln1000;444 n. rexford dr.
ln1000;400 main st.
ln1000;7150 la palma ave.
ln1000;110 n. glenoaks blvd.
ln1000;480 primrose rd.
ln1000;1820 mitchell avenue
ln1000;1299 gold hunter road
ln1000;850 encinas ave.
ln1000;1775 dove lane
ln1000;ocean & lincoln ave.
ln1000;18025 bloomfield ave.
ln1000;365 f st.
ln1000;305 n. fourth st.
ln1000;656 n. ninth st.
ln1000;738 market st.
ln1000;5655 jillson st.
ln1000;1750 oak park boulevard
ln1000;650 south main st.
ln1000;234 n. second ave.
ln1000;111 lake merced boulevard
ln1000;190 price mall
ln1000;230 n. first st.
ln1000;11121 brookshire ave.
ln1000;1140 n. imperial ave.
ln1000;345 fair lane
ln1000;111 w. mariposa ave.
ln1000;239 s. kalmia st.
ln1000;1313 third st.
ln1000;2420 mariposa st.
ln1000;353 w. commonwealth ave.
ln1000;222 e. harvard st.
ln1000;140 south glendora ave.
ln1000;835 c street
ln1000;300 e. latham ave
ln1000;7111 talbert ave
ln1000;1125 w. main street
ln1000;200 w. ninth st.
ln1000;101 w. manchester blvd.
ln1000;168 n. edwards
ln1000;701 truxtun ave.
ln1000;401 n. douty st.
ln1000;1425 n. high st
ln1000;400 magnolia ave.
ln1000;485 twelve bridges drive
ln1000;1188 s. livermore ave.
ln1000;201 w. locust street
ln1000;501 e. north ave.
ln1000;101 pacific ave.
ln1000;7400 e. imperial highway
ln1000;630 w. fifth st.
ln1000;121 n. g st.
ln1000;3501 civic center dr, rm 414
ln1000;105 n. main st.
ln1000;800 alma st.
ln1000;2100 o st.
ln1000;375 throckmorton ave.
ln1000;212 w. third st.
ln1000;400 sierra park rd.
ln1000;321 s. myrtle ave.
ln1000;188 seaside circle
ln1000;625 pacific st.
ln1000;318 s. ramona avenue
ln1000;585 franklin st.
ln1000;580 coombs st.
ln1000;1401 national city blvd.
ln1000;980 helling way
ln1000;1000 avocado ave.
ln1000;125 14th st.
ln1000;330 n. coast highway
ln1000;215 east c street
ln1000;1501 e. st. andrew place
ln1000;407 e chapman ave
ln1000;333 mill st.
ln1000;251 south a st.
ln1000;550 central ave.
ln1000;700 e. palmdale blvd.
ln1000;300 s. sunrise way
ln1000;270 forest ave
ln1000;701 silver spur rd.
ln1000;125 w. chanslorway
ln1000;285 e. walnut st.
ln1000;1000 spring st.
ln1000;411 e. chapman ave.
ln1000;445 jackson st.
ln1000;625 s. garey ave.
ln1000;41 west thurman avenue
ln1000;303 n. pacific coast hwy
ln1000;1044 middlefield rd
ln1000;325 civic center plaza
ln1000;3581 mission inn ave.
ln1000;225 taylor st.
ln1000;828 i st.
ln1000;350 lincoln ave.
ln1000;110 tunstead ave.
ln1000;470 fifth st.
ln1000;104 w. fourth st.
ln1000;555 w. sixth st.
ln1000;701 angus ave. w.
ln1000;5560 overland ave., suite 110
ln1000;820 e st.
ln1000;100 larkin st
ln1000;150 e san fernando street
ln1000;801 second st.
ln1000;300 estudillo ave.
ln1000;995 palm st.
ln1000;1890 huntington dr.
ln1000;125 lessingia court
ln1000;55 west third ave
ln1000;1100 e st.
ln1000;26 civic center plaza
ln1000;40 e. anapamu st.
ln1000;2635 homestead road
ln1000;1370 dell avenue
ln1000;117 union street
ln1000;11700 e. telegraph rd.
ln1000;421 s. mcclelland st.
ln1000;601 santa monica blvd
ln1000;119 n. eighth st.
ln1000;420 litho st.
ln1000;1100 parkview
ln1000;440 w. sierra madre blvd.
ln1000;719 fourth st.
ln1000;1150 kentucky st.
ln1000;211 e street
ln1000;1100 oxley st.
ln1000;840 w. orange ave.
ln1000;1500 i st.
ln1000;1492 library lane
ln1000;605 n. el dorado st.
ln1000;665 w. olive ave.
ln1000;750 forbes ave.
ln1000;645 madison st.
ln1000;3301 torrance blvd.
ln1000;351 main st.
ln1000;200 w. oak ave.
ln1000;475 north m street
ln1000;480 greenley rd.
ln1000;450 n. euclid ave.
ln1000;5600 everglades st. suite a
ln1000;275 main st., suite 100
ln1000;7344 s. washington ave.
ln1000;201 n. lassen st.
ln1000;250 first st.
ln1000;226 buckeye st.
ln1000;18181 imperial highway
ln1000;303 second st.
ln1000;640 orange ave.
ln1000;5050 n. irwindale ave.
ln1000;4305 santa fe ave.
ln1000;150 e. l st.
ln1000;100 villa avenue
ln1000;125 w. vine st.
ln1000;1770 e. hill st.
ln1000;21 w. nicolet st.
ln1000;125 e. eighth st.
ln1000;1401 e. janss rd.
ln1000;4978 10th st.
ln1000;411 stafford st
ln1000;7368 archibald avenue
ln1000;1618 main st.
ln1000;71-100 highway 111
ln1000;1501 tiburon blvd
ln1000;100 civic center
ln1000;5840 mission blvd
ln1000;25480 alessandro blvd
ln1000;200 civic center way
ln1000;8 town square
ln1000;400 old bernal ave.
ln1000;15011 circle drive
ln1000;699 moorpark avenue
ln1000;4101 las posas rd
ln1000;23743 valencia blvd.
ln1000;2969 tapo canyon rd
ln1000;5877 east 120th avenue
ln1000;302 main avenue
ln1000;300 hunt avenue
ln1000;12855 e. adam aircraft circle
ln1000;811 san juan street
ln1000;14949 e alameda parkway
ln1000;1260 main street
ln1000;14 midland ave
ln1000;395 bayfield center drive
ln1000;236 welch avenue
ln1000;1001 arapahoe avenue
ln1000;3 community park road
ln1000;500 clayton street
ln1000;131 linderman avenue
ln1000;321 14th street
ln1000;516 macon ave
ln1000;17703 hwy 285
ln1000;202 north park
ln1000;418 gasper street
ln1000;570 green street
ln1000;209 main street
ln1000;512 cherry street
ln1000;10 w 14th avenue parkway
ln1000;525 north main
ln1000;1002 railroad ave
ln1000;100 south wilcox
ln1000;1900 east third ave
ln1000;600 broadway
ln1000;651 w beverly street
ln1000;1000 englewood parkway
ln1000;335 east elkhorn avenue
ln1000;130 church ave
ln1000;301 e olive street
ln1000;414 main street
ln1000;411 6th street
ln1000;207 east avenue
ln1000;15131 highway 119
ln1000;225 e jasper ave
ln1000;307 n wisconsin
ln1000;141 south colorado avenue
ln1000;201 east jefferson avenue
ln1000;tony garcia drive
ln1000;539 south baxter street
ln1000;415 walsen ave
ln1000;522 second avenue
ln1000;412 4th street
ln1000;10200 w 20th ave
ln1000;320 cedar street
ln1000;1305 goff street
ln1000;522 colorado ave
ln1000;310 south main street
ln1000;775 w baseline rd
ln1000;206 n silver street
ln1000;1115 harrison ave
ln1000;102 east parmenter st
ln1000;306 5th street
ln1000;205 e ave
ln1000;205 e avenue
ln1000;6014 s. datura st.
ln1000;409 4th ave
ln1000;951 spruce street
ln1000;300 north adams avenue
ln1000;405 main street
ln1000;211 w. first st.
ln1000;301 s catalpa
ln1000;490 main street
ln1000;443 north 6th street
ln1000;380 la garita ave
ln1000;320 south 2nd street
ln1000;1110 lucerne street
ln1000;544 main street
ln1000;1007 main street
ln1000;320 6th ave
ln1000;400 front street
ln1000;35 7th avenue
ln1000;20 n. cascade avenue
ln1000;120 n mill street
ln1000;100 e abriendo ave
ln1000;109 e main street
ln1000;400 south 10th street
ln1000;227 dodge avenue
ln1000;410 b street
ln1000;702 pitkin ave
ln1000;405 'e' st.
ln1000;715 aspen drive
ln1000;1117 reese street
ln1000;1289 lincoln ave.
ln1000;420 north fifth street
ln1000;331 new york avenue
ln1000;0037 peak one drive
ln1000;610 columbia ave
ln1000;100 w. pacific ave.
ln1000;202 north animas street
ln1000;292 w meadow dr
ln1000;3800 wilson ave
ln1000;3705 w. 112th ave
ln1000;720 third street
ln1000;218 e. midland
ln1000;301 w 7th st.
ln1000;910 s main street
ln1000;470 goddard ave
ln1000;614 taos st., unit c
ln1000;149 e. main
ln1000;2650 w. 29th st.
ln1000;120 jefferson street
ln1000;311 main ave
ln1000;506 n fremont ave
ln1000;71 firehouse lane
ln1000;151 s. 1st west
ln1000;300 charles street
ln1000;146 w. main street
ln1000;95 county road 393
ln1000;200 highway 72 north
ln1000;233 north dexter street, suite b
ln1000;355 route 6
ln1000;53 south cliff st.
ln1000;25 pompey hollow rd.
ln1000;281 country club rd.
ln1000;10 maple ave.
ln1000;80 main st.
ln1000;234 kensington road
ln1000;834 worthington ridge
ln1000;538 amity rd.
ln1000;189 greenwood ave.
ln1000;32 main st. south
ln1000;1 tunxis ave.
ln1000;206 bolton center road
ln1000;758 main st.
ln1000;146 thimble islands road
ln1000;925 broad st.
ln1000;62 main street south
ln1000;5 high st.
ln1000;182 whisconier road
ln1000;10 canterbury rd.
ln1000;34 library lane
ln1000;63 main st.
ln1000;1 municipal drive
ln1000;40 dyer avenue
ln1000;130 chaplin st.
ln1000;21 west main street
ln1000;10 killingworth turnpike
ln1000;8 linwood avenue
ln1000;319 route 87
ln1000;30 pine st.
ln1000;39 west st.
ln1000;170 main street
ln1000;191 long ridge rd.
ln1000;1441 post road
ln1000;150 main st.
ln1000;307 hawthorne avenue
ln1000;313 elizabeth st.
ln1000;7 maple ave.
ln1000;24 center street
ln1000;18 plains rd.
ln1000;105 main st.
ln1000;2 knowles rd.
ln1000;840 main st.
ln1000;227 main st.
ln1000;39 society road
ln1000;691 morehouse rd.
ln1000;78 main st.
ln1000;107 main st.
ln1000;93 main street
ln1000;104 middle road
ln1000;33 west ave.
ln1000;106 main st.
ln1000;1080 old post rd.
ln1000;720 pequot ave.
ln1000;6 monteith drive
ln1000;1389 neipsic rd.
ln1000;2407 main st.
ln1000;80 high st.
ln1000;42 north st.
ln1000;15 north granby rd.
ln1000;101 west putnam ave.
ln1000;90 sound beach ave.
ln1000;26 main st.
ln1000;240 monument st.
ln1000;52 newtown road, route 117
ln1000;40 library st.
ln1000;67 park st.
ln1000;920 saybrook rd.
ln1000;2901 dixwell ave.
ln1000;500 main st.
ln1000;80 bentley drive
ln1000;22 main st.
ln1000;32 north main street
ln1000;25 westcott rd.
ln1000;301 route 81
ln1000;580 exeter rd.
ln1000;718 colonel ledyard highway
ln1000;38 main st.
ln1000;160 south st.
ln1000;482 hamburg rd.
ln1000;801 boston post rd.
ln1000;586 main st.
ln1000;54 warrenville rd.
ln1000;15 school dr.
ln1000;105 miller st.
ln1000;30 crest rd.
ln1000;414 main st.
ln1000;123 broad st.
ln1000;57 new haven ave.
ln1000;733 monroe turnpike
ln1000;832 raymond hill rd.
ln1000;4 north st.
ln1000;243 church st.
ln1000;20 high st.
ln1000;151 main st.
ln1000;2 brush hill rd.
ln1000;6 maple hollow rd.
ln1000;10 central ave.
ln1000;133 elm st.
ln1000;95 cedar st.
ln1000;63 huntington st.
ln1000;24 main st.
ln1000;25 main st.
ln1000;9 greenwoods road east
ln1000;1720 foxon rd.
ln1000;108 main st.
ln1000;17 elm st.
ln1000;101 main st.
ln1000;51 van zant st.
ln1000;1 belden ave.
ln1000;33 highland ave.
ln1000;261 main st.
ln1000;2 library lane
ln1000;60 old boston post rd.
ln1000;176 tyler city rd.
ln1000;486 oxford rd.
ln1000;299 main st.
ln1000;56 east main st.
ln1000;692 main st.
ln1000;238 main st.
ln1000;449 pomfret st.
ln1000;536 hampton rd.
ln1000;20 freestone ave.
ln1000;389 route 2
ln1000;17 center st.
ln1000;225 kennedy dr.
ln1000;rte 53 and diamond hill rd.
ln1000;472 main st.
ln1000;33 church st.
ln1000;23 south st.
ln1000;264 hartford rd.
ln1000;38 main st.
ln1000;21 brook road
ln1000;46 church st.
ln1000;10 upper main st.
ln1000;65 wooster st.
ln1000;1 sherman center
ln1000;725 hopmeadow st.
ln1000;2 vision boulevard
ln1000;100 poverty rd.
ln1000;255 main st.
ln1000;1550 sullivan ave.
ln1000;76 main st.
ln1000;10 levinthal run
ln1000;one public library plaza
ln1000;1183 plainfield pike
ln1000;20 high st.
ln1000;2203 main street
ln1000;50 north main st.
ln1000;248 main st.
ln1000;934 riverside drive
ln1000;21 tolland green
ln1000;12 daycoeton place
ln1000;33 quality st.
ln1000;979 buckley highway
ln1000;52 union st.
ln1000;107 main street
ln1000;200 north main st.
ln1000;15 sackett hill rd.
ln1000;5 wykeham rd.
ln1000;267 grand st.
ln1000;49 rope ferry rd.
ln1000;470 main st.
ln1000;61 goodspeed dr.
ln1000;20 south main st.
ln1000;300 elm st.
ln1000;56 norfield rd.
ln1000;20 jesup road
ln1000;515 silas deane highway
ln1000;7 ruby rd.
ln1000;137 old ridgefield rd.
ln1000;40 munro place
ln1000;17 main st.
ln1000;905 main st.
ln1000;on the green
ln1000;323 broad st.
ln1000;28 main st.
ln1000;469 bound line road
ln1000;10 newton rd.
ln1000;269 main street south
ln1000;1286 rt. 169
ln1000;57 academy rd
ln1000;15 prospect street
ln1000;5 bungay hill connector
ln1000;104 main st.
ln1000;1134 main st.
ln1000;179 eastford rd.
ln1000;257 main st.
ln1000;61 center st.
ln1000;35 river road
ln1000;783 main st.
ln1000;5 tyler drive
ln1000;901 g street, n.w. (room 400)
ln1000;8 main street
ln1000;123 west pine street
ln1000;110 center street
ln1000;101 e. fourth st
ln1000;111 adams avenue
ln1000;11 s.e. front street
ln1000;217 west state street
ln1000;424 delaware street
ln1000;226 rehoboth avenue
ln1000;600 n market st ext
ln1000;11 main & mccabe street
ln1000;107 south main street
ln1000;10 east 10th street
ln1000;600 south cannon street
ln1000;115 high street
ln1000;250 fifth street
ln1000;101 north bi-state blvd
ln1000;35 loockerman plaza
ln1000;22215 dupont blvd.
ln1000;497 south red haven lane
ln1000;77 reads way
ln1000;2720 east silver springs blvd.
ln1000;303 north laura street
ln1000;898 west 11th street
ln1000;101 east central blvd.
ln1000;1848 ohio/m l king avenue south
ln1000;239 north spring street
ln1000;308 forrest avenue
ln1000;100 s. andrews ave
ln1000;2200 n.e. 38th street
ln1000;1298 n.e. 37th street
ln1000;500 n.e. 26th street
ln1000;425 w. roosevelt boulevard
ln1000;1895 town center blvd.
ln1000;2385 orange blossom drive
ln1000;308 nw columbia avenue
ln1000;10021 northeast second avenue
ln1000;190 west 49 street
ln1000;1601 northeast 164th street
ln1000;101 west flagler street
ln1000;315 south seventh street
ln1000;2500 palm coast parkway nw
ln1000;732 s. pat thomas parkway
ln1000;120 west osceola avenue
ln1000;900 north ashley drive
ln1000;1600 21st street
ln1000;2401 woodlea rd.
ln1000;2755 estero blvd.
ln1000;2345 union street
ln1000;770 dunlop road
ln1000;200 west park avenue
ln500;1301 barcarrota blvd., west
ln500;2351 se monterey road
ln500;700 fleming street
ln500;501 south maitland avenue
ln500;460 e. new england avenue
ln500;1501 nw spanish river blvd.
ln500;303 anchorage drive
ln500;5939 main street
ln500;8012 library road
ln500;6670 us 1 south
ln500;101 melody lane
ln500;1660 ringling blvd.
ln500;281 north maitland avenue
ln500;215 n. oxford road
ln500;1290 indian lake rd.
ln500;3 circle drive
ln500;835 n.e. 132nd street
ln500;238 howell ave
ln500;211 e. dakin avenue
ln500;1826 w country club blvd
ln500;120 north center street
ln500;1330 cleveland street
ln500;3618 s. ocean blvd.
ln500;1180 west washington street
ln500;4487 lafayette st. suite 4
ln500;7375 powell road, suite 150
ln500;305 w. main st.
ln500;110 n. lake ave
ln500;319 w. center ave.
ln500;6620 university drive
ln500;3650 summit boulevard
ln500;208 s. seacrest blvd.
ln500;100 west atlantic avenue
ln500;529 park avenue
ln500;15 north m street
ln500;205 west ocean avenue
ln500;217 cypress lane
ln500;600 w. blue heron blvd.
ln500;411 clematis st.
ln500;6275 dogwood dr
ln500;1507 bay palm boulevard
ln500;501 n. fig tree lane
ln500;2050 forrest nelson boulevard
ln500;601 college road
ln500;6 tenth avenue
ln500;202 bullard pkwy
ln500;302 mclendon street
ln500;2150 s. broadway ave.
ln500;74 sixth street
ln500;206 n. partin dr.
ln500;901 ohio avenue
ln500;25 n. 4th st.
ln500;189 bellview street
ln500;429 west main street
ln500;123 north main street
ln500;1180 washington avenue
ln500;404 barwick rd.
ln500;124 south main street
ln500;710 rome street
ln500;2002 bull street
ln500;360 farrar drive
ln500;116 brown industrial parkway
ln500;2025 baxter street
ln500;865 battle creek road
ln500;266 roswell street
ln500;200 s. madison avenue, suite d
ln500;204 5th street se
ln500;301 s. monroe street
ln500;3560 kensington rd.
ln500;531 second avenue
ln500;300 pine avenue
ln500;345 heard street
ln500;205 riverside parkway  ne
ln500;one margaret mitchell square
ln500;280 s. mahogany st.
ln500;320 north broad street
ln500;1001 lawrenceville highway
ln500;204 ellison street, suite f
ln500;342 allen street
ln500;150 benson street
ln500;1201 washington street
ln500;306 e. broad street
ln500;801 bellevue avenue
ln500;300 woodrow wilson drive
ln500;218 w. perry street
ln500;145 east broad street
ln500;1121 east avenue
ln500;3000 macon road
ln500;7116 floyd street
ln500;315 martin luther king jr. drive
ln500;823 telfair street
ln500;864 green street
ln500;106 s. community dr
ln500;800 memorial drive
ln500;307 east lamar street
ln500;913 forrester drive, se
ln500;201 north madison street
ln500;2014 chestnut avenue
ln500;698 miller street
ln500;115 alford street
ln500;305 south duke street
ln500;310 cappes street
ln500;204 e. liberty street
ln500;610 jackson street
ln500;401 lee avenue
ln500;1001 florence mcgarity blvd
ln500;445 oakland parkway, w.
ln500;585 dahlonega road
ln500;127 main street nw
ln500;151 south jefferson street
ln500;85 literary lane
ln500;108 catoosa circle
ln500;205 east pope street
ln500;7022 evans towne center blvd
ln500;208 gloucester street
ln500;44 merchant street
ln500;102 w 4th st
ln500;104 e main
ln500;203 benton ave east
ln500;103 s central
ln500;107 n columbia
ln500;115 drake ave
ln500;803 braden ave
ln500;110 s franklin st
ln500;200 w howard st
ln500;608 w elm
ln500;104 w adams ave
ln500;103 w main st
ln500;109 n main st
ln500;302 broad st
ln500;109 e washington ave
ln500;301 w main
ln500;200 w 1st st
ln500;100 e chariton
ln500;123 s main st
ln500;121 w monroe
ln500;300 s fillmore st
ln500;301 s market
ln500;100 e main
ln500;123 n 5th st
ln500;1000 grand ave
ln500;1308 walnut st
ln500;724 marshall
ln500;2216 broadway
ln500;131 s main st
ln500;315 baker st
ln500;1101 willis ave
ln500;505 grant
ln500;950 warrior ln
ln500;118 s main st
ln500;120 s chestnut
ln500;114 e center
ln500;123 n 2nd st
ln500;515 douglas ave
ln500;water st & 2nd st
ln500;212 main st
ln500;303 s 10th st
ln500;309 main st
ln500;109 main st
ln500;631 k ave
ln500;503 broad st
ln500;221 n main st
ln500;101 e main st
ln500;105 n tama
ln500;123 s linn st
ln500;1401 5th st
ln500;112 n augusta ave
ln500;320 w main st
ln500;235 e hilton st
ln500;123 s man
ln500;300 w state st
ln500;306 jackson st
ln500;930 park st
ln500;500 e main st
ln500;216 e. main st
ln500;510 c ave
ln500;115 w washington
ln500;711 4th st
ln500;232 2nd st
ln500;125 e iowa st
ln500;11 division st
ln500;119 n 2nd st
ln500;304 iowa ave
ln500;400 n spencer
ln500;504 main st
ln500;220 main st
ln500;520 w cherry st
ln500;225 2nd st se
ln500;200 n 4th st
ln500;719 1st st
ln500;307 main st e
ln500;412 main
ln500;401 state st
ln500;409 harriman st
ln500;114 w ellsworth st
ln500;7 w ventura st
ln500;4 s federal st
ln500;123 s 3rd st
ln500;1549 dewitt st
ln500;711 main st
ln500;600 main st
ln500;816 shakespeare
ln500;1201 willson ave
ln500;216 main st
ln500;132 main ave s
ln500;110 nw elm st
ln500;416 state st
ln500;121 n main
ln500;204 e main st
ln500;304 main st
ln500;1012 water st
ln500;1202 10th st
ln500;218 e maple
ln500;223 main st
ln500;613 central ave
ln500;8 w maple
ln500;119 s main st
ln500;103 s main st
ln500;1020 broadway
ln500;402 main st
ln500;600 station st
ln500;102 s greene st
ln500;113 s mickley st
ln500;320 1st st ne
ln500;407 main st
ln500;315 ash st
ln500;3029 3rd st
ln500;232 main st
ln500;874 main st
ln500;406 9th st
ln500;707 n superior
ln500;609 inman st
ln500;1301 gowrie st
ln500;350 reed st
ln500;220 main
ln500;46 1st st sw
ln500;117 main
ln500;104 s cherry st
ln500;133 e elder
ln500;138 w main st
ln500;412 e grove st
ln500;220 brasher st
ln500;20 w spring st
ln500;203 w union st
ln500;130 n main st
ln500;122 main st
ln500;603 s second st
ln500;334 main st
ln500;111 n page st
ln500;401 commercial st
ln500;505 washington st
ln500;316a franklin st
ln500;122 northern ave
ln500;110 1st st se
ln500;304 n franklin st
ln500;360 w 11th st
ln500;5900 saratoga plaza suite 5
ln500;176 elm st ne
ln500;1210 nw prairie ridge dr
ln500;205 center ave n
ln500;3520 86th st
ln500;4000 george m. mills civic parkway
ln500;700 eighth st sw
ln500;200 n james st
ln500;405 walnut st
ln500;515 n main ave
ln500;5151 maple dr
ln500;14 main st
ln500;105 w boone st
ln500;309 2nd st se
ln500;603 main st
ln500;106 n main
ln500;100 n 3rd ave w
ln500;213 e montgomery st
ln500;603 main st
ln500;520 hanson
ln500;608 main st
ln500;211 fulton st
ln500;104 w 2nd st
ln500;308 s gilmore
ln500;main st & wood
ln500;273 n third
ln500;14 2nd ave nw
ln500;319 garfield st
ln500;107 e main
ln500;605 10th st
ln500;609 webb st
ln500;803 tenth st
ln500;1408 main st
ln500;112 albany ave se
ln500;1531 main st
ln500;102 s main ave
ln500;516 6th ave
ln500;123 3rd ave
ln500;310 main st
ln500;504 book alley
ln500;200 s walnut st
ln500;1001 w main st
ln500;101 w iowa st
ln500;1500 w broadway
ln500;702 greene st
ln500;100 w 3rd st
ln500;208 w mulberry st
ln500;103 1st ave sw
ln500;202 south st
ln500;1595 dows st
ln500;400 n main st
ln500;605 main st
ln500;210 n 5th st
ln500;301 e main st
ln500;201 washington st
ln500;205 elm
ln500;608 1st st
ln500;422 n main
ln500;113 beswick st
ln500;500 park
ln500;401 merrill st
ln500;1920 ave e
ln500;202 main
ln500;317 5th st
ln500;100 w commercial
ln500;104 w 3rd st
ln500;103 e main st
ln500;107 e cherry st
ln500;112 w ash
ln500;210 court st
ln500;128 n orchard st
ln500;307 e monroe suite 101
ln500;111 main st
ln500;204 n vine st
ln500;102 jackson st n
ln500;529 pierce st
ln500;2027 washington
ln500;311 e main
ln500;532 driftwood st
ln500;825 main st
ln500;502 evans st
ln500;401 n park place
ln500;107 main st
ln500;118 main st
ln500;114 w washington
ln500;202 main st
ln500;108 railroad st
ln500;203 sanford st
ln500;116 main st
ln500;220 edmunds st
ln500;921 washington ave
ln500;210 isabella
ln500;511 market st
ln500;406 commercial st
ln500;114 humboldt ave
ln500;30 n 6th st
ln500;402 5th st
ln500;203 s white ave
ln500;113 dewitt st
ln500;204 stoddard st
ln500;308 chickasaw st
ln500;210 n phillips
ln500;208 e ramsey st
ln500;119 walnut st
ln500;204 3rd st
ln500;208 3rd st n
ln500;136 main st n
ln500;206 main st
ln500;316 s broadway
ln500;405 4th st
ln500;505 thomas st
ln500;22 first st nw
ln500;424 central ave
ln500;1204 market st
ln500;106 w 2nd st
ln500;241 elm st
ln500;221 n main st
ln500;115 e l. st
ln500;102 s lake st
ln500;123 n main st
ln500;202 w main ave
ln500;440 e main st
ln500;605 maple st
ln500;302 n main
ln500;101 s cadwell
ln500;101 main st
ln500;45 n hawkeye
ln500;204 w main st
ln500;203 4th ave
ln500;214 main st
ln500;201 main st
ln500;214 5th st
ln500;127 s grant st
ln500;906 1st ave s
ln500;406 main st
ln500;307 woodland ave
ln500;217 w 5th st
ln500;106 n broad st
ln500;106 milwaukee mall
ln500;122 s main st
ln500;119 e front st
ln500;507 jefferson st
ln500;101 n main
ln500;603 9th st
ln500;607 2nd st
ln500;720 e jackson
ln500;407 ives st
ln500;308 s barnes st
ln500;107 w maple
ln500;202 s 2nd st
ln500;101 n walnut st
ln500;902 3rd st
ln500;201 oak st
ln500;723 main st
ln500;200 w lincolnway
ln500;310 audubon
ln500;604 mcpherdon dr
ln500;303 washington
ln500;202 so. first st
ln500;111 e front st
ln500;414 sand st
ln500;106 e main st
ln500;main st 7 broadway
ln500;105 w main st
ln500;224 main st
ln500;315 main st
ln500;400 grand
ln500;316 main st
ln500;504 5th st
ln500;102 n 1st st
ln500;1312 10th ave
ln500;424 main st
ln500;118 e 5th st
ln500;524 main st
ln500;203 e tower st
ln500;401 5th st
ln500;227 main st
ln500;308 main st
ln500;415 commercial st
ln500;123 n evans rd
ln500;100 washington st
ln500;320 1st ave e
ln500;309 main st
ln500;206 n railroad st
ln500;101 4th ave sw
ln500;1500 w bremer ave
ln500;212 main st
ln500;805 1st st e
ln500;721 6th st
ln500;616 bush st
ln500;354 w madison st
ln500;412 3rd st
ln500;929 parriott st
ln500;103 w greene st
ln500;231 w traer st
ln500;406 packwaukee
ln500;309 3rd st
ln500;106 main st
ln500;313 vanderbilt st
ln500;1215 cypress st
ln500;2950 learning campus dr
ln500;321 main st
ln500;200 n 6th ave
ln500;203 main
ln500;106 n 3rd st suite 1
ln500;126 s second st
ln500;512 elk st
ln500;1 w gillet
ln500;904 12th st
ln500;305 locust st nw suite 2
ln500;93 main
ln500;116 main st
ln500;510 2nd ave
ln500;320 main
ln500;308 4th st
ln500;301 2nd st
ln500;401 siegel st
ln500;206 e high st
ln500;531 2nd st
ln500;450 fifth ave se
ln500;720 main st
ln500;301 main st
ln500;301 w dallas
ln500;621 prince st
ln500;207 n b st
ln500;123 main st
ln500;1051 north ave
ln500;135 school st
ln500;118 main ast
ln500;235 w tilden st
ln500;401 first ave nw
ln500;503 larrabee st
ln500;214 main st
ln500;104 w state st
ln500;104 s 2nd st
ln500;711 main st
ln500;225 main st w
ln500;201 e charles st
ln500;136 s mill st
ln500;180 main st
ln500;114 n main st
ln500;708 7th st
ln500;501 clark st
ln500;411 n adams st
ln100;515 main st
ln100;320 n elm st
ln100;710 busti ave
ln100;112 w main st
ln100;101 s washington st
ln100;202 winnebago st
ln100;302 3rd nw
ln100;123 w main st
ln100;925 4th ave
ln100;215 main st
ln100;1009 s main st
ln100;110 weaver st
ln100;306 w attica
ln100;205 e 2nd st
ln100;215 2nd st
ln100;609 cayuga st
ln100;215 s 2nd st
ln100;200 w grace st
ln100;106 n locust st
ln100;120 n main
ln100;101 main st
ln100;302 main st
ln100;21 e 3rd st
ln100;124 main st
ln100;156 n hwy 71
ln100;905 s market st
ln100;1009 9th st
ln100;702 16th st
ln100;115 n state st
ln100;308 6th st
ln100;201 s elm st
ln100;100 e garfield st
ln100;508 iowa ave
ln100;401 main st
ln100;400 n 2nd st
ln100;501 elliott st suite a
ln100;204 s 3rd ave
ln100;109 n vine st
ln100;412 w main st
ln100;502 main st
ln100;408 main st
ln100;701 morton ave
ln100;1301 main st
ln100;106 s main
ln100;1002 illinois st
ln100;805 main st
ln100;812 3rd st
ln100;507 poplar st
ln100;119 main
ln100;505 main st
ln100;122 main st
ln100;213 n elm st
ln100;400 willow ave
ln100;207 s highway
ln100;224 antique city dr
ln100;104 2nd st ne
ln100;137 4th st n
ln100;150 w willman st
ln100;101 e main st
ln100;1095 6th ave
ln100;264 broadway st
ln100;300 ndowney st
ln100;110 main st
ln100;600 e first st
ln100;301 1st av w
ln100;205 e grand st
ln100;507 vine st
ln100;301 parkway st
ln100;105 w broadway st
ln100;109 w main
ln100;198 2nd st
ln100;102 12th ave
ln100;306 8th ave s
ln100;505 10th st
ln100;410 main st
ln100;206 cedar st
ln100;309 6th ave
ln100;218 e 1st st
ln100;202 e broadway
ln100;116 s main st
ln100;1403 1st ave south
ln100;202 cedar st
ln100;461 railroad st
ln100;102 s 10th st
ln100;121 e 6th st
ln100;420 e huron st
ln100;208 main
ln100;201 maple st
ln100;58 5th
ln100;224 s main st
ln100;207 e second st
ln100;100 e 2nd st
ln100;707 iowa ave w
ln100;407 whittier st
ln100;609 courtright
ln100;718 court
ln100;407 s wilson st
ln100;208 s main
ln100;25 w division st
ln100;401 broadway suite 200
ln10;609 2nd. st
ln10;710 2nd st
ln10;115 w robins st
ln10;102 n main st
ln10;114 s ontario st
ln10;602 2nd st
ln10;210 n vine st
ln10;232 main st
ln10;104 s franklin st
ln10;115 main st
ln1;203 s main st
