harry potter and the half-blood prince (harry potter  #6);j.k. rowling/mary grandprã©
harry potter and the order of the phoenix (harry potter  #5);j.k. rowling/mary grandprã©
harry potter and the chamber of secrets (harry potter  #2);j.k. rowling
harry potter and the prisoner of azkaban (harry potter  #3);j.k. rowling/mary grandprã©
harry potter boxed set  books 1-5 (harry potter  #1-5);j.k. rowling/mary grandprã©
unauthorized harry potter book seven news: "half-blood prince" analysis and speculation;w. frederick zimmerman
harry potter collection (harry potter  #1-6);j.k. rowling
the ultimate hitchhiker's guide: five complete novels and one story (hitchhiker's guide to the galaxy  #1-5);douglas adams
the ultimate hitchhiker's guide to the galaxy (hitchhiker's guide to the galaxy  #1-5);douglas adams
the hitchhiker's guide to the galaxy (hitchhiker's guide to the galaxy  #1);douglas adams
